/*
SQLyog v10.2 
MySQL - 5.5.5-10.2.14-MariaDB-log : Database - ym
*********************************************************************
*/

/*!40101 SET NAMES utf8 */;

/*!40101 SET SQL_MODE=''*/;

/*!40014 SET @OLD_UNIQUE_CHECKS=@@UNIQUE_CHECKS, UNIQUE_CHECKS=0 */;
/*!40014 SET @OLD_FOREIGN_KEY_CHECKS=@@FOREIGN_KEY_CHECKS, FOREIGN_KEY_CHECKS=0 */;
/*!40101 SET @OLD_SQL_MODE=@@SQL_MODE, SQL_MODE='NO_AUTO_VALUE_ON_ZERO' */;
/*!40111 SET @OLD_SQL_NOTES=@@SQL_NOTES, SQL_NOTES=0 */;
CREATE DATABASE /*!32312 IF NOT EXISTS*/`ym` /*!40100 DEFAULT CHARACTER SET utf8 */;

USE `ym`;

/*Table structure for table `frm_administrative_division` */

DROP TABLE IF EXISTS `frm_administrative_division`;

CREATE TABLE `frm_administrative_division` (
  `id` int(11) NOT NULL AUTO_INCREMENT,
  `xzqhdm` varchar(20) DEFAULT NULL COMMENT '行政区划代码',
  `xzqhmz` varchar(80) DEFAULT NULL COMMENT '行政区划名字',
  `xxxzqhmz` varchar(80) DEFAULT NULL COMMENT '详细行政区划名字',
  `sjxzqhdm` varchar(20) DEFAULT NULL COMMENT '上级行政区划代码',
  `xzqhcj` varchar(10) DEFAULT NULL COMMENT '层级',
  `fzjg` varchar(10) DEFAULT NULL COMMENT '发证机关',
  `xzqhlb` varchar(20) DEFAULT NULL COMMENT '类别',
  `yzbm` varchar(20) DEFAULT NULL COMMENT '邮政编码',
  `cjsj` datetime DEFAULT NULL COMMENT '创建时间',
  `gxsj` datetime DEFAULT NULL COMMENT '更新时间',
  PRIMARY KEY (`id`),
  UNIQUE KEY `xzqhdm` (`xzqhdm`)
) ENGINE=InnoDB AUTO_INCREMENT=202 DEFAULT CHARSET=utf8 COMMENT='行政区划表';

/*Data for the table `frm_administrative_division` */

insert  into `frm_administrative_division`(`id`,`xzqhdm`,`xzqhmz`,`xxxzqhmz`,`sjxzqhdm`,`xzqhcj`,`fzjg`,`xzqhlb`,`yzbm`,`cjsj`,`gxsj`) values (1,'008600000000','中国','中华人民共和国','0','1','','国家','008600','2019-11-09 21:40:00','2019-11-09 21:40:01'),(2,'450100000000','广西省','广西壮族自治区','008600000000','2','桂','省','530000','2019-11-09 21:40:00','2019-11-09 21:40:01'),(3,'450700000000','钦州市','广西壮族自治区钦州市','450100000000','3','桂N','地级市','535000','2019-11-09 21:40:00','2019-11-09 21:40:01'),(4,'450701000000','钦州市市辖区','广西壮族自治区钦州市市辖区','450700000000','4','桂N','市区','535000','2019-11-09 21:40:00','2019-11-09 21:40:01'),(5,'450702000000','钦州市钦南区','广西壮族自治区钦州市钦南区','450700000000','4','桂N','市区','535000','2019-11-09 21:40:00','2019-11-09 21:40:01'),(6,'450703000000','钦州市钦北区','广西壮族自治区钦州市钦北区','450700000000','4','桂N','市区','535000','2019-11-09 21:40:00','2019-11-09 21:40:01'),(7,'450704000000','钦州市灵山县','广西壮族自治区钦州市灵山县','450700000000','4','桂N','县','535400','2019-11-09 21:40:00','2019-11-09 21:40:01'),(8,'450721000000','钦州市浦北县','广西壮族自治区钦州市浦北县','450700000000','4','桂N','县','535300','2019-11-09 21:40:00','2019-11-09 21:40:01'),(9,'450722000000','钦州市浦北县','广西壮族自治区钦州市浦北县','450700000000','4','桂N','县','535300','2019-11-09 21:40:00','2019-11-09 21:40:01'),(10,'450702001000','向阳街道','广西壮族自治区钦州市钦南区向阳街道','450702000000','5','桂N','街道','535000','2019-11-09 21:40:00','2019-11-09 21:40:01'),(11,'450702002000','水东街道','广西壮族自治区钦州市钦南区水东街道','450702000000','5','桂N','街道','535000','2019-11-09 21:40:00','2019-11-09 21:40:01'),(12,'450702003000','文峰街道','广西壮族自治区钦州市钦南区文峰街道','450702000000','5','桂N','街道','535000','2019-11-09 21:40:00','2019-11-09 21:40:01'),(13,'450702004000','南珠街道','广西壮族自治区钦州市钦南区南珠街道','450702000000','5','桂N','街道','535000','2019-11-09 21:40:00','2019-11-09 21:40:01'),(14,'450702005000','尖山街道','广西壮族自治区钦州市钦南区尖山街道','450702000000','5','桂N','街道','535000','2019-11-09 21:40:00','2019-11-09 21:40:01'),(15,'450702100000','沙埠镇','广西壮族自治区钦州市钦南区沙埠镇','450702000000','5','桂N','镇','535011','2019-11-09 21:40:00','2019-11-09 21:40:01'),(16,'450702101000','康熙岭镇','广西壮族自治区钦州市钦南区康熙岭镇','450702000000','5','桂N','镇','535012','2019-11-09 21:40:00','2019-11-09 21:40:01'),(17,'450702102000','黄屋屯镇','广西壮族自治区钦州市钦南区黄屋屯镇','450702000000','5','桂N','镇','535033','2019-11-09 21:40:00','2019-11-09 21:40:01'),(18,'450702104000','大番坡镇','广西壮族自治区钦州市钦南区大番坡镇','450702000000','5','桂N','镇','535037','2019-11-09 21:40:00','2019-11-09 21:40:01'),(19,'450702105000','龙门港镇','广西壮族自治区钦州市钦南区龙门港镇','450702000000','5','桂N','镇','535034','2019-11-09 21:40:00','2019-11-09 21:40:01'),(20,'450702107000','久隆镇','广西壮族自治区钦州市钦南区久隆镇','450702000000','5','桂N','镇','535017','2019-11-09 21:40:00','2019-11-09 21:40:01'),(21,'450702108000','东场镇','广西壮族自治区钦州市钦南区东场镇','450702000000','5','桂N','镇','535014','2019-11-09 21:40:00','2019-11-09 21:40:01'),(22,'450702109000','那丽镇','广西壮族自治区钦州市钦南区那丽镇','450702000000','5','桂N','镇','535013','2019-11-09 21:40:00','2019-11-09 21:40:01'),(23,'450702110000','那彭镇','广西壮族自治区钦州市钦南区那彭镇','450702000000','5','桂N','镇','535015','2019-11-09 21:40:00','2019-11-09 21:40:01'),(24,'450702111000','那思镇','广西壮族自治区钦州市钦南区那思镇','450702000000','5','桂N','镇','535016','2019-11-09 21:40:00','2019-11-09 21:40:01'),(25,'450702112000','犀牛脚镇','广西壮族自治区钦州市钦南区犀牛脚镇','450702000000','5','桂N','镇','535035','2019-11-09 21:40:00','2019-11-09 21:40:01'),(26,'450702400000','丽光华侨农场','广西壮族自治区钦州市钦南区丽光华侨农场','450702000000','5','桂N','农场','535000','2019-11-09 21:40:00','2019-11-09 21:40:01'),(27,'450702401000','钦州港经济技术开发区','广西壮族自治区钦州市钦南区钦州港经济技术开发区','450702000000','5','桂N','开发区','535008','2019-11-09 21:40:00','2019-11-09 21:40:01'),(28,'450702402000','三娘湾旅游管理区','广西壮族自治区钦州市钦南区三娘湾旅游管理区','450702000000','5','桂N','管理区','535000','2019-11-09 21:40:00','2019-11-09 21:40:01'),(29,'450702403000','广西钦州保税港区','广西壮族自治区钦州市钦南区广西钦州保税港区','450702000000','5','桂N','港区','535000','2019-11-09 21:40:00','2019-11-09 21:40:01'),(30,'450702404000','中马钦州产业园区','广西壮族自治区钦州市钦南区中马钦州产业园区','450702000000','5','桂N','园区','535000','2019-11-09 21:40:00','2019-11-09 21:40:01'),(31,'450702001003','新兴社区居委会','广西壮族自治区钦州市钦南区向阳街道办事处新兴社区','450702001000','6','桂N','社区','535000','2019-11-09 21:40:00','2019-11-09 21:40:01'),(32,'450702001004','新兴社区居委会','广西壮族自治区钦州市钦南区向阳街道办事处新兴社区','450702001000','6','桂N','社区','535000','2019-11-09 21:40:00','2019-11-09 21:40:01'),(33,'450702002001','东南社区居委会','广西壮族自治区钦州市钦南区水东街道办事处东南社区','450702002000','6','桂N','社区','535000','2019-11-09 21:40:00','2019-11-09 21:40:01'),(34,'450702002002','五里桥社区居委会','广西壮族自治区钦州市钦南区水东街道办事处五里桥社区','450702002000','6','桂N','社区','535000','2019-11-09 21:40:00','2019-11-09 21:40:01'),(35,'450702002005','大沙垌社区居委会','广西壮族自治区钦州市钦南区水东街道办事处大沙垌社区','450702002000','6','桂N','社区','535000','2019-11-09 21:40:00','2019-11-09 21:40:01'),(36,'450702003001','东风社区居委会','广西壮族自治区钦州市钦南区文峰街道办事处东风社区','450702003000','6','桂N','社区','535000','2019-11-09 21:40:00','2019-11-09 21:40:01'),(37,'450702003002','江滨社区居委会','广西壮族自治区钦州市钦南区文峰街道办事处江滨社区','450702003000','6','桂N','社区','535000','2019-11-09 21:40:00','2019-11-09 21:40:01'),(38,'450702003003','中山社区居委会','广西壮族自治区钦州市钦南区文峰街道办事处中山社区','450702003000','6','桂N','社区','535000','2019-11-09 21:40:00','2019-11-09 21:40:01'),(39,'450702003004','三宣堂社区居委会','广西壮族自治区钦州市钦南区文峰街道办事处三宣堂社区','450702003000','6','桂N','社区','535000','2019-11-09 21:40:00','2019-11-09 21:40:01'),(40,'450702003005','文昌社区居委会','广西壮族自治区钦州市钦南区文峰街道办事处文昌社区','450702003000','6','桂N','社区','535000','2019-11-09 21:40:00','2019-11-09 21:40:01'),(41,'450702003006','新隆社区居委会','广西壮族自治区钦州市钦南区文峰街道办事处新隆社区','450702003000','6','桂N','社区','535000','2019-11-09 21:40:00','2019-11-09 21:40:01'),(42,'450702004001','城西社区居委会','广西壮族自治区钦州市钦南区南珠街道办事处城西社区','450702004000','6','桂N','社区','535000','2019-11-09 21:40:00','2019-11-09 21:40:01'),(43,'450702004002','高岭社区居委会','广西壮族自治区钦州市钦南区南珠街道办事处高岭社区','450702004000','6','桂N','社区','535000','2019-11-09 21:40:00','2019-11-09 21:40:01'),(44,'450702004003','鸿泰社区居委会','广西壮族自治区钦州市钦南区南珠街道办事处鸿泰社区','450702004000','6','桂N','社区','535000','2019-11-09 21:40:00','2019-11-09 21:40:01'),(45,'450702005001','尖山社区居委会','广西壮族自治区钦州市钦南区尖山街道办事处尖山社区','450702005000','6','桂N','社区','535000','2019-11-09 21:40:00','2019-11-09 21:40:01'),(46,'450702005002','排榜社区居委会','广西壮族自治区钦州市钦南区尖山街道办事处排榜社区','450702005000','6','桂N','社区','535000','2019-11-09 21:40:00','2019-11-09 21:40:01'),(47,'450702005202','西沟村委会','广西壮族自治区钦州市钦南区尖山街道办事处西沟村','450702005000','6','桂N','村','535000','2019-11-09 21:40:00','2019-11-09 21:40:01'),(48,'450702005203','黄坡豕村委会','广西壮族自治区钦州市钦南区尖山街道办事处黄坡豕村','450702005000','6','桂N','村','535000','2019-11-09 21:40:00','2019-11-09 21:40:01'),(49,'450702005204','谷仓村委会','广西壮族自治区钦州市钦南区尖山街道办事处谷仓村','450702005000','6','桂N','村','535000','2019-11-09 21:40:00','2019-11-09 21:40:01'),(50,'450702005205','九鸦村委会','广西壮族自治区钦州市钦南区尖山街道办事处九鸦村','450702005000','6','桂N','村','535000','2019-11-09 21:40:00','2019-11-09 21:40:01'),(51,'450702005206','黎头咀村委会','广西壮族自治区钦州市钦南区尖山街道办事处黎头咀村','450702005000','6','桂N','村','535000','2019-11-09 21:40:00','2019-11-09 21:40:01'),(52,'450702100001','沙埠社区','广西壮族自治区钦州市钦南区沙埠镇沙埠社区','450702100000','6','桂N','社区','535011','2019-11-09 21:40:00','2019-11-09 21:40:01'),(53,'450702100002','田寮社区','广西壮族自治区钦州市钦南区沙埠镇田寮社区','450702100000','6','桂N','社区','535011','2019-11-09 21:40:00','2019-11-09 21:40:01'),(54,'450702100201','大石古村','广西壮族自治区钦州市钦南区沙埠镇大石古村','450702100000','6','桂N','村','535011','2019-11-09 21:40:00','2019-11-09 21:40:01'),(55,'450702100202','下南山村','广西壮族自治区钦州市钦南区沙埠镇下南山村','450702100000','6','桂N','村','535011','2019-11-09 21:40:00','2019-11-09 21:40:01'),(56,'450702100203','大岭村','广西壮族自治区钦州市钦南区沙埠镇大岭村','450702100000','6','桂N','村','535011','2019-11-09 21:40:00','2019-11-09 21:40:01'),(57,'450702100204','沙寮村','广西壮族自治区钦州市钦南区沙埠镇沙寮村','450702100000','6','桂N','村','535011','2019-11-09 21:40:00','2019-11-09 21:40:01'),(58,'450702100205','油路村','广西壮族自治区钦州市钦南区沙埠镇油路村','450702100000','6','桂N','村','535011','2019-11-09 21:40:00','2019-11-09 21:40:01'),(59,'450702100206','桥坪村','广西壮族自治区钦州市钦南区沙埠镇桥坪村','450702100000','6','桂N','村','535011','2019-11-09 21:40:00','2019-11-09 21:40:01'),(60,'450702100207','海棠村','广西壮族自治区钦州市钦南区沙埠镇海棠村','450702100000','6','桂N','村','535011','2019-11-09 21:40:00','2019-11-09 21:40:01'),(61,'450702100210','分界村','广西壮族自治区钦州市钦南区沙埠镇分界村','450702100000','6','桂N','村','535011','2019-11-09 21:40:00','2019-11-09 21:40:01'),(62,'450702100211','坭桥村','广西壮族自治区钦州市钦南区沙埠镇坭桥村','450702100000','6','桂N','村','535011','2019-11-09 21:40:00','2019-11-09 21:40:01'),(63,'450702100212','望埠村','广西壮族自治区钦州市钦南区沙埠镇望埠村','450702100000','6','桂N','村','535011','2019-11-09 21:40:00','2019-11-09 21:40:01'),(64,'450702100213','平艮村','广西壮族自治区钦州市钦南区沙埠镇平艮村','450702100000','6','桂N','村','535011','2019-11-09 21:40:00','2019-11-09 21:40:01'),(65,'450702100214','油埠村','广西壮族自治区钦州市钦南区沙埠镇油埠村','450702100000','6','桂N','村','535011','2019-11-09 21:40:00','2019-11-09 21:40:01'),(66,'450702100215','明天移民新村','广西壮族自治区钦州市钦南区沙埠镇明天移民新村','450702100000','6','桂N','村','535011','2019-11-09 21:40:00','2019-11-09 21:40:01'),(67,'450702101201','傍钦村','广西壮族自治区钦州市钦南区康熙岭镇傍钦村','450702101000','6','桂N','村','535012','2019-11-09 21:40:00','2019-11-09 21:40:01'),(68,'450702101202','高沙村','广西壮族自治区钦州市钦南区康熙岭镇高沙村','450702101000','6','桂N','村','535012','2019-11-09 21:40:00','2019-11-09 21:40:01'),(69,'450702101203','西围村','广西壮族自治区钦州市钦南区康熙岭镇西围村','450702101000','6','桂N','村','535012','2019-11-09 21:40:00','2019-11-09 21:40:01'),(70,'450702101204','新平村','广西壮族自治区钦州市钦南区康熙岭镇新平村','450702101000','6','桂N','村','535012','2019-11-09 21:40:00','2019-11-09 21:40:01'),(71,'450702101205','诗家村','广西壮族自治区钦州市钦南区康熙岭镇诗家村','450702101000','6','桂N','村','535012','2019-11-09 21:40:00','2019-11-09 21:40:01'),(72,'450702101206','白鸡村','广西壮族自治区钦州市钦南区康熙岭镇白鸡村','450702101000','6','桂N','村','535012','2019-11-09 21:40:00','2019-11-09 21:40:01'),(73,'450702101207','板坪村','广西壮族自治区钦州市钦南区康熙岭镇板坪村','450702101000','6','桂N','村','535012','2019-11-09 21:40:00','2019-11-09 21:40:01'),(74,'450702101208','横山村','广西壮族自治区钦州市钦南区康熙岭镇横山村','450702101000','6','桂N','村','535012','2019-11-09 21:40:00','2019-11-09 21:40:01'),(75,'450702101209','长坡村','广西壮族自治区钦州市钦南区康熙岭镇长坡村','450702101000','6','桂N','村','535012','2019-11-09 21:40:00','2019-11-09 21:40:01'),(76,'450702101210','团和村','广西壮族自治区钦州市钦南区康熙岭镇团和村','450702101000','6','桂N','村','535012','2019-11-09 21:40:00','2019-11-09 21:40:01'),(77,'450702101211','新营村','广西壮族自治区钦州市钦南区康熙岭镇新营村','450702101000','6','桂N','村','535012','2019-11-09 21:40:00','2019-11-09 21:40:01'),(78,'450702101212','新南村','广西壮族自治区钦州市钦南区康熙岭镇新南村','450702101000','6','桂N','村','535012','2019-11-09 21:40:00','2019-11-09 21:40:01'),(79,'450702102001','黄屋屯社区','广西壮族自治区钦州市钦南区黄屋屯镇黄屋屯社区','450702102000','6','桂N','社区','535033','2019-11-09 21:40:00','2019-11-09 21:40:01'),(80,'450702102201','屯西村','广西壮族自治区钦州市钦南区黄屋屯镇屯西村','450702102000','6','桂N','村','535033','2019-11-09 21:40:00','2019-11-09 21:40:01'),(81,'450702102202','屯安村','广西壮族自治区钦州市钦南区黄屋屯镇屯安村','450702102000','6','桂N','村','535033','2019-11-09 21:40:00','2019-11-09 21:40:01'),(82,'450702102203','屯胜村','广西壮族自治区钦州市钦南区黄屋屯镇屯胜村','450702102000','6','桂N','村','535033','2019-11-09 21:40:00','2019-11-09 21:40:01'),(83,'450702102204','屯利村','广西壮族自治区钦州市钦南区黄屋屯镇屯利村','450702102000','6','桂N','村','535033','2019-11-09 21:40:00','2019-11-09 21:40:01'),(84,'450702102205','加其村','广西壮族自治区钦州市钦南区黄屋屯镇加其村','450702102000','6','桂N','村','535033','2019-11-09 21:40:00','2019-11-09 21:40:01'),(85,'450702102206','屯北村','广西壮族自治区钦州市钦南区黄屋屯镇屯北村','450702102000','6','桂N','村','535033','2019-11-09 21:40:00','2019-11-09 21:40:01'),(86,'450702102207','大冲村','广西壮族自治区钦州市钦南区黄屋屯镇大冲村','450702102000','6','桂N','村','535033','2019-11-09 21:40:00','2019-11-09 21:40:01'),(87,'450702102208','屯光村','广西壮族自治区钦州市钦南区黄屋屯镇屯光村','450702102000','6','桂N','村','535033','2019-11-09 21:40:00','2019-11-09 21:40:01'),(88,'450702102209','屯南村','广西壮族自治区钦州市钦南区黄屋屯镇屯南村','450702102000','6','桂N','村','535033','2019-11-09 21:40:00','2019-11-09 21:40:01'),(89,'450702102210','金竹村','广西壮族自治区钦州市钦南区黄屋屯镇金竹村','450702102000','6','桂N','村','535033','2019-11-09 21:40:00','2019-11-09 21:40:01'),(90,'450702102211','圩埠村','广西壮族自治区钦州市钦南区黄屋屯镇圩埠村','450702102000','6','桂N','村','535033','2019-11-09 21:40:00','2019-11-09 21:40:01'),(91,'450702102212','田寮村','广西壮族自治区钦州市钦南区黄屋屯镇田寮村','450702102000','6','桂N','村','535033','2019-11-09 21:40:00','2019-11-09 21:40:01'),(92,'450702102213','塘营村','广西壮族自治区钦州市钦南区黄屋屯镇塘营村','450702102000','6','桂N','村','535033','2019-11-09 21:40:00','2019-11-09 21:40:01'),(93,'450702102214','屯显村','广西壮族自治区钦州市钦南区黄屋屯镇屯显村','450702102000','6','桂N','村','535033','2019-11-09 21:40:00','2019-11-09 21:40:01'),(94,'450702102215','西显村','广西壮族自治区钦州市钦南区黄屋屯镇西显村','450702102000','6','桂N','村','535033','2019-11-09 21:40:00','2019-11-09 21:40:01'),(95,'450702102216','料连村','广西壮族自治区钦州市钦南区黄屋屯镇料连村','450702102000','6','桂N','村','535033','2019-11-09 21:40:00','2019-11-09 21:40:01'),(96,'450702104001','茅坡社区','广西壮族自治区钦州市钦南区大番坡镇茅坡社区','450702000000','6','桂N','社区','535037','2019-11-09 21:40:00','2019-11-09 21:40:01'),(97,'450702104201','沙坡村','广西壮族自治区钦州市钦南区大番坡镇沙坡村','450702000000','6','桂N','村','535037','2019-11-09 21:40:00','2019-11-09 21:40:01'),(98,'450702104202','葵子村','广西壮族自治区钦州市钦南区大番坡镇葵子村','450702000000','6','桂N','村','535037','2019-11-09 21:40:00','2019-11-09 21:40:01'),(99,'450702104203','大番坡村','广西壮族自治区钦州市钦南区大番坡镇大番坡村','450702000000','6','桂N','村','535037','2019-11-09 21:40:00','2019-11-09 21:40:01'),(100,'450702104204','青龙村','广西壮族自治区钦州市钦南区大番坡镇青龙村','450702000000','6','桂N','村','535037','2019-11-09 21:40:00','2019-11-09 21:40:01'),(101,'450702104205','板桥村','广西壮族自治区钦州市钦南区大番坡镇板桥村','450702000000','6','桂N','村','535037','2019-11-09 21:40:00','2019-11-09 21:40:01'),(102,'450702104206','大窝口村','广西壮族自治区钦州市钦南区大番坡镇大窝口村','450702000000','6','桂N','村','535037','2019-11-09 21:40:00','2019-11-09 21:40:01'),(103,'450702104207','六村村','广西壮族自治区钦州市钦南区大番坡镇六村村','450702000000','6','桂N','村','535037','2019-11-09 21:40:00','2019-11-09 21:40:01'),(104,'450702104208','深坪村','广西壮族自治区钦州市钦南区大番坡镇深坪村','450702000000','6','桂N','村','535037','2019-11-09 21:40:00','2019-11-09 21:40:01'),(105,'450702104210','辣椒槌村','广西壮族自治区钦州市钦南区大番坡镇辣椒槌村','450702000000','6','桂N','村','535037','2019-11-09 21:40:00','2019-11-09 21:40:01'),(106,'450702105201','东村','广西壮族自治区钦州市钦南区龙门港镇东村','450702105000','6','桂N','村','535034','2019-11-09 21:40:00','2019-11-09 21:40:01'),(107,'450702105202','南村','广西壮族自治区钦州市钦南区龙门港镇南村','450702105000','6','桂N','村','535034','2019-11-09 21:40:00','2019-11-09 21:40:01'),(108,'450702105203','西村','广西壮族自治区钦州市钦南区龙门港镇西村','450702105000','6','桂N','村','535034','2019-11-09 21:40:00','2019-11-09 21:40:01'),(109,'450702105204','北村','广西壮族自治区钦州市钦南区龙门港镇北村','450702105000','6','桂N','村','535034','2019-11-09 21:40:00','2019-11-09 21:40:01'),(110,'450702107001','久隆社区','广西壮族自治区钦州市钦南区久隆镇久隆社区',' 450702107000','6','桂N','社区','535017','2019-11-09 21:40:00','2019-11-09 21:40:01'),(111,'450702107201','久隆村','广西壮族自治区钦州市钦南区久隆镇久隆村','450702107000','6','桂N','村','535017','2019-11-09 21:40:00','2019-11-09 21:40:01'),(112,'450702107202','黎屋村','广西壮族自治区钦州市钦南区久隆镇黎屋村','450702107000','6','桂N','村','535017','2019-11-09 21:40:00','2019-11-09 21:40:01'),(113,'450702107203','沙田村','广西壮族自治区钦州市钦南区久隆镇沙田村','450702107000','6','桂N','村','535017','2019-11-09 21:40:00','2019-11-09 21:40:01'),(114,'450702107204','丁屋村','广西壮族自治区钦州市钦南区久隆镇丁屋村','450702107000','6','桂N','村','535017','2019-11-09 21:40:00','2019-11-09 21:40:01'),(115,'450702107205','高桥村','广西壮族自治区钦州市钦南区久隆镇高桥村','450702107000','6','桂N','村','535017','2019-11-09 21:40:00','2019-11-09 21:40:01'),(116,'450702107206','水铺村','广西壮族自治区钦州市钦南区久隆镇水铺村','450702107000','6','桂N','村','535017','2019-11-09 21:40:00','2019-11-09 21:40:01'),(117,'450702107207','新明村','广西壮族自治区钦州市钦南区久隆镇新明村','450702107000','6','桂N','村','535017','2019-11-09 21:40:00','2019-11-09 21:40:01'),(118,'450702107208','平新村','广西壮族自治区钦州市钦南区久隆镇平新村','450702107000','6','桂N','村','535017','2019-11-09 21:40:00','2019-11-09 21:40:01'),(119,'450702107209','那庆村','广西壮族自治区钦州市钦南区久隆镇那庆村','450702107000','6','桂N','村','535017','2019-11-09 21:40:00','2019-11-09 21:40:01'),(120,'450702107210','白鹤村','广西壮族自治区钦州市钦南区久隆镇白鹤村','450702107000','6','桂N','村','535017','2019-11-09 21:40:00','2019-11-09 21:40:01'),(121,'450702107211','青草村','广西壮族自治区钦州市钦南区久隆镇青草村','450702107000','6','桂N','村','535017','2019-11-09 21:40:00','2019-11-09 21:40:01'),(122,'450702107212','大岭村','广西壮族自治区钦州市钦南区久隆镇大岭村','450702107000','6','桂N','村','535017','2019-11-09 21:40:00','2019-11-09 21:40:01'),(123,'450702107213','高明村','广西壮族自治区钦州市钦南区久隆镇高明村','450702107000','6','桂N','村','535017','2019-11-09 21:40:00','2019-11-09 21:40:01'),(124,'450702107214','新圩村','广西壮族自治区钦州市钦南区久隆镇新圩村','450702107000','6','桂N','村','535017','2019-11-09 21:40:00','2019-11-09 21:40:01'),(125,'450702107215','石安村','广西壮族自治区钦州市钦南区久隆镇石安村','450702107000','6','桂N','村','535017','2019-11-09 21:40:00','2019-11-09 21:40:01'),(126,'450702107216','细岭头村','广西壮族自治区钦州市钦南区久隆镇细岭头村',' 450702107000','6','桂N','村','535017','2019-11-09 21:40:00','2019-11-09 21:40:01'),(127,'450702107217','荷木村','广西壮族自治区钦州市钦南区久隆镇荷木村',' 450702107000','6','桂N','村','535017','2019-11-09 21:40:00','2019-11-09 21:40:01'),(128,'450702108201','关塘村','广西壮族自治区钦州市钦南区东场镇关塘村','450702108000','6','桂N','村','535014','2019-11-09 21:40:00','2019-11-09 21:40:01'),(129,'450702108202','六加村','广西壮族自治区钦州市钦南区东场镇六加村','450702108000','6','桂N','村','535014','2019-11-09 21:40:00','2019-11-09 21:40:01'),(130,'450702108203','高塘村','广西壮族自治区钦州市钦南区东场镇高塘村','450702108000','6','桂N','村','535014','2019-11-09 21:40:00','2019-11-09 21:40:01'),(131,'450702108204','东场村','广西壮族自治区钦州市钦南区东场镇东场村','450702108000','6','桂N','村','535014','2019-11-09 21:40:00','2019-11-09 21:40:01'),(132,'450702108205','英窝村','广西壮族自治区钦州市钦南区东场镇英窝村','450702108000','6','桂N','村','535014','2019-11-09 21:40:00','2019-11-09 21:40:01'),(133,'450702108206','白木村','广西壮族自治区钦州市钦南区东场镇白木村','450702108000','6','桂N','村','535014','2019-11-09 21:40:00','2019-11-09 21:40:01'),(134,'450702108207','上寮村','广西壮族自治区钦州市钦南区东场镇上寮村','450702108000','6','桂N','村','535014','2019-11-09 21:40:00','2019-11-09 21:40:01'),(135,'450702109001','那丽社区','广西壮族自治区钦州市钦南区那丽镇那丽社区','450702109000','6','桂N','社区','535013','2019-11-09 21:40:00','2019-11-09 21:40:01'),(136,'450702109201','那丽村','广西壮族自治区钦州市钦南区那丽镇那丽村','450702109000','6','桂N','村','535013','2019-11-09 21:40:00','2019-11-09 21:40:01'),(137,'450702109202','充包村','广西壮族自治区钦州市钦南区那丽镇充包村','450702109000','6','桂N','村','535013','2019-11-09 21:40:00','2019-11-09 21:40:01'),(138,'450702109203','殿艮村','广西壮族自治区钦州市钦南区那丽镇殿艮村','450702109000','6','桂N','村','535013','2019-11-09 21:40:00','2019-11-09 21:40:01'),(139,'450702109204','芦荻竹村','广西壮族自治区钦州市钦南区那丽镇芦荻竹村','450702109000','6','桂N','村','535013','2019-11-09 21:40:00','2019-11-09 21:40:01'),(140,'450702109205','嫦娥垌村','广西壮族自治区钦州市钦南区那丽镇嫦娥垌村','450702109000','6','桂N','村','535013','2019-11-09 21:40:00','2019-11-09 21:40:01'),(141,'450702109206','马鞍岭村','广西壮族自治区钦州市钦南区那丽镇马鞍岭村','450702109000','6','桂N','村','535013','2019-11-09 21:40:00','2019-11-09 21:40:01'),(142,'450702109207','崩塘村','广西壮族自治区钦州市钦南区那丽镇崩塘村','450702109000','6','桂N','村','535013','2019-11-09 21:40:00','2019-11-09 21:40:01'),(143,'450702109208','那雾塘村','广西壮族自治区钦州市钦南区那丽镇那雾塘村','450702109000','6','桂N','村','535013','2019-11-09 21:40:00','2019-11-09 21:40:01'),(144,'450702109209','土地田村','广西壮族自治区钦州市钦南区那丽镇土地田村','450702109000','6','桂N','村','535013','2019-11-09 21:40:00','2019-11-09 21:40:01'),(145,'450702109210','三蔸竹村','广西壮族自治区钦州市钦南区那丽镇三蔸竹村','450702109000','6','桂N','村','535013','2019-11-09 21:40:00','2019-11-09 21:40:01'),(146,'450702110001','那彭社区','广西壮族自治区钦州市钦南区那彭镇那彭社区','450702110000','6','桂N','社区','535015','2019-11-09 21:40:00','2019-11-09 21:40:01'),(147,'450702110201','那彭村','广西壮族自治区钦州市钦南区那彭镇那彭村','450702110000','6','桂N','村','535015','2019-11-09 21:40:00','2019-11-09 21:40:01'),(148,'450702110202','担坳村','广西壮族自治区钦州市钦南区那彭镇担坳村','450702110000','6','桂N','村','535015','2019-11-09 21:40:00','2019-11-09 21:40:01'),(149,'450702110203','那蒟村','广西壮族自治区钦州市钦南区那彭镇那蒟村','450702110000','6','桂N','村','535015','2019-11-09 21:40:00','2019-11-09 21:40:01'),(150,'450702110204','白沙村','广西壮族自治区钦州市钦南区那彭镇白沙村','450702110000','6','桂N','村','535015','2019-11-09 21:40:00','2019-11-09 21:40:01'),(151,'450702110205','六湖村','广西壮族自治区钦州市钦南区那彭镇六湖村','450702110000','6','桂N','村','535015','2019-11-09 21:40:00','2019-11-09 21:40:01'),(152,'450702110206','彭新村','广西壮族自治区钦州市钦南区那彭镇彭新村','450702110000','6','桂N','村','535015','2019-11-09 21:40:00','2019-11-09 21:40:01'),(153,'450702110207','清湖村','广西壮族自治区钦州市钦南区那彭镇清湖村','450702110000','6','桂N','村','535015','2019-11-09 21:40:00','2019-11-09 21:40:01'),(154,'450702110208','那勉村','广西壮族自治区钦州市钦南区那彭镇那勉村','450702110000','6','桂N','村','535015','2019-11-09 21:40:00','2019-11-09 21:40:01'),(155,'450702110209','凤凰岗村','广西壮族自治区钦州市钦南区那彭镇凤凰岗村','450702110000','6','桂N','村','535015','2019-11-09 21:40:00','2019-11-09 21:40:01'),(156,'450702110210','那里村','广西壮族自治区钦州市钦南区那彭镇那里村','450702110000','6','桂N','村','535015','2019-11-09 21:40:00','2019-11-09 21:40:01'),(157,'450702110211','后立村','广西壮族自治区钦州市钦南区那彭镇后立村','450702110000','6','桂N','村','535015','2019-11-09 21:40:00','2019-11-09 21:40:01'),(158,'450702110212','英学村','广西壮族自治区钦州市钦南区那彭镇英学村','450702110000','6','桂N','村','535015','2019-11-09 21:40:00','2019-11-09 21:40:01'),(159,'450702110213','屋背村','广西壮族自治区钦州市钦南区那彭镇屋背村','450702110000','6','桂N','村','535015','2019-11-09 21:40:00','2019-11-09 21:40:01'),(160,'450702111201','合江村','广西壮族自治区钦州市钦南区那思镇合江村','450702111000','6','桂N','村','535016','2019-11-09 21:40:00','2019-11-09 21:40:01'),(161,'450702111202','禄宦塘村','广西壮族自治区钦州市钦南区那思镇禄宦塘村','450702111000','6','桂N','村','535016','2019-11-09 21:40:00','2019-11-09 21:40:01'),(162,'450702111203','米子村','广西壮族自治区钦州市钦南区那思镇米子村','450702111000','6','桂N','村','535016','2019-11-09 21:40:00','2019-11-09 21:40:01'),(163,'450702111204','那京村','广西壮族自治区钦州市钦南区那思镇那京村','450702111000','6','桂N','村','535016','2019-11-09 21:40:00','2019-11-09 21:40:01'),(164,'450702111205','那思村','广西壮族自治区钦州市钦南区那思镇那思村','450702111000','6','桂N','村','535016','2019-11-09 21:40:00','2019-11-09 21:40:01'),(165,'450702111206','塘底村','广西壮族自治区钦州市钦南区那思镇塘底村','450702111000','6','桂N','村','535016','2019-11-09 21:40:00','2019-11-09 21:40:01'),(166,'450702111207','定蒙村','广西壮族自治区钦州市钦南区那思镇定蒙村','450702111000','6','桂N','村','535016','2019-11-09 21:40:00','2019-11-09 21:40:01'),(167,'450702111208','茶蓝垌村','广西壮族自治区钦州市钦南区那思镇茶蓝垌村','450702111000','6','桂N','村','535016','2019-11-09 21:40:00','2019-11-09 21:40:01'),(168,'450702111209','牛寮水村','广西壮族自治区钦州市钦南区那思镇牛寮水村','450702111000','6','桂N','村','535016','2019-11-09 21:40:00','2019-11-09 21:40:01'),(169,'450702111210','扁陂村','广西壮族自治区钦州市钦南区那思镇扁陂村','450702111000','6','桂N','村','535016','2019-11-09 21:40:00','2019-11-09 21:40:01'),(170,'450702112001','新联社区','广西壮族自治区钦州市钦南区犀牛脚镇新联社区','450702112000','6','桂N','社区','535035','2019-11-09 21:40:00','2019-11-09 21:40:01'),(171,'450702112002','丹寮社区','广西壮族自治区钦州市钦南区犀牛脚镇丹寮社区','450702112000','6','桂N','社区','535035','2019-11-09 21:40:00','2019-11-09 21:40:01'),(172,'450702112203','犀牛脚村','广西壮族自治区钦州市钦南区犀牛脚镇犀牛脚村','450702112000','6','桂N','村','535035','2019-11-09 21:40:00','2019-11-09 21:40:01'),(173,'450702112205','联民村','广西壮族自治区钦州市钦南区犀牛脚镇联民村','450702112000','6','桂N','村','535035','2019-11-09 21:40:00','2019-11-09 21:40:01'),(174,'450702112206','白路村','广西壮族自治区钦州市钦南区犀牛脚镇白路村','450702112000','6','桂N','村','535035','2019-11-09 21:40:00','2019-11-09 21:40:01'),(175,'450702112207','船厂村','广西壮族自治区钦州市钦南区犀牛脚镇船厂村','450702112000','6','桂N','村','535035','2019-11-09 21:40:00','2019-11-09 21:40:01'),(176,'450702112208','岭脚村','广西壮族自治区钦州市钦南区犀牛脚镇岭脚村','450702112000','6','桂N','村','535035','2019-11-09 21:40:00','2019-11-09 21:40:01'),(177,'450702112209','西寮村','广西壮族自治区钦州市钦南区犀牛脚镇西寮村','450702112000','6','桂N','村','535035','2019-11-09 21:40:00','2019-11-09 21:40:01'),(178,'450702112210','炮台村','广西壮族自治区钦州市钦南区犀牛脚镇炮台村','450702112000','6','桂N','村','535035','2019-11-09 21:40:00','2019-11-09 21:40:01'),(179,'450702112211','岭门村','广西壮族自治区钦州市钦南区犀牛脚镇岭门村','450702112000','6','桂N','村','535035','2019-11-09 21:40:00','2019-11-09 21:40:01'),(180,'450702112212','埠头村','广西壮族自治区钦州市钦南区犀牛脚镇埠头村','450702112000','6','桂N','村','535035','2019-11-09 21:40:00','2019-11-09 21:40:01'),(181,'450702112213','西坑村','广西壮族自治区钦州市钦南区犀牛脚镇西坑村','450702112000','6','桂N','村','535035','2019-11-09 21:40:00','2019-11-09 21:40:01'),(182,'450702112214','大灶村','广西壮族自治区钦州市钦南区犀牛脚镇大灶村','450702112000','6','桂N','村','535035','2019-11-09 21:40:00','2019-11-09 21:40:01'),(183,'450702112215','平山村','广西壮族自治区钦州市钦南区犀牛脚镇平山村','450702112000','6','桂N','村','535035','2019-11-09 21:40:00','2019-11-09 21:40:01'),(184,'450702112217','大坪村','广西壮族自治区钦州市钦南区犀牛脚镇大坪村','450702112000','6','桂N','村','535035','2019-11-09 21:40:00','2019-11-09 21:40:01'),(185,'450702112219','沙角村','广西壮族自治区钦州市钦南区犀牛脚镇沙角村','450702112000','6','桂N','村','535035','2019-11-09 21:40:00','2019-11-09 21:40:01'),(186,'450702400501','总场','广西壮族自治区钦州市钦南区丽光华侨农场总场','450702400000','6','桂N','农场','535000','2019-11-09 21:40:00','2019-11-09 21:40:01'),(187,'450702400502','新屋管区生活区','广西壮族自治区钦州市钦南区丽光华侨农场新屋管区生活区','450702400000','6','桂N','生活区','535000','2019-11-09 21:40:00','2019-11-09 21:40:01'),(188,'450702400503','均田管区生活区','广西壮族自治区钦州市钦南区丽光华侨农场均田管区生活区','450702400000','6','桂N','生活区','535000','2019-11-09 21:40:00','2019-11-09 21:40:01'),(189,'450702400504','凤凰管区生活区','广西壮族自治区钦州市钦南区丽光华侨农场凤凰管区生活区','450702400000','6','桂N','生活区','535000','2019-11-09 21:40:00','2019-11-09 21:40:01'),(190,'450702401001','滨海社区','广西壮族自治区钦州市钦南区钦州港经济技术开发区滨海社区','450702401000','6','桂N','社区','535008','2019-11-09 21:40:00','2019-11-09 21:40:01'),(191,'450702401002','亚路江社区','广西壮族自治区钦州市钦南区钦州港经济技术开发区亚路江社区','450702401000','6','桂N','社区','535008','2019-11-09 21:40:00','2019-11-09 21:40:01'),(192,'450702401003','水井坑社区','广西壮族自治区钦州市钦南区钦州港经济技术开发区水井坑社区','450702401000','6','桂N','社区','535008','2019-11-09 21:40:00','2019-11-09 21:40:01'),(193,'450702401004','果子山社区','广西壮族自治区钦州市钦南区钦州港经济技术开发区果子山社区','450702401000','6','桂N','社区','535008','2019-11-09 21:40:00','2019-11-09 21:40:01'),(194,'450702401005','鸡墩头社区','广西壮族自治区钦州市钦南区钦州港经济技术开发区鸡墩头社区','450702401000','6','桂N','社区','535008','2019-11-09 21:40:00','2019-11-09 21:40:01'),(195,'450702401006','金鼓社区','广西壮族自治区钦州市钦南区钦州港经济技术开发区金鼓社区','450702401000','6','桂N','社区','535008','2019-11-09 21:40:00','2019-11-09 21:40:01'),(196,'450702401007','鹿耳环社区','广西壮族自治区钦州市钦南区钦州港经济技术开发区鹿耳环社区','450702401000','6','桂N','社区','535008','2019-11-09 21:40:00','2019-11-09 21:40:01'),(197,'450702402201','三娘湾村','广西壮族自治区钦州市钦南区三娘湾旅游管理区三娘湾村','450702402000','6','桂N','村','535000','2019-11-09 21:40:00','2019-11-09 21:40:01'),(198,'450702402202','大环村','广西壮族自治区钦州市钦南区三娘湾旅游管理区大环村','450702402000','6','桂N','村','535000','2019-11-09 21:40:00','2019-11-09 21:40:01'),(199,'450702402204','乌雷村','广西壮族自治区钦州市钦南区三娘湾旅游管理区乌雷村','450702402000','6','桂N','村','535000','2019-11-09 21:40:00','2019-11-09 21:40:01'),(200,'450702403498','虚拟社区','广西壮族自治区钦州市钦南区广西钦州保税港区虚拟社区','450702403000','6','桂N','社区','535000','2019-11-09 21:40:00','2019-11-09 21:40:01'),(201,'450702404498','虚拟社区','广西壮族自治区钦州市钦南区中马钦州产业园区虚拟社区','450702404000','6','桂N','社区','535000','2019-11-09 21:40:00','2019-11-09 21:40:01');

/*Table structure for table `frm_department` */

DROP TABLE IF EXISTS `frm_department`;

CREATE TABLE `frm_department` (
  `departmentCode` int(11) NOT NULL,
  `departmentName` varchar(100) DEFAULT NULL,
  `fzjg` varchar(10) DEFAULT NULL,
  `fzr` varchar(30) DEFAULT NULL,
  `lxdh` varchar(20) DEFAULT NULL,
  `sjbm` varchar(20) DEFAULT NULL,
  `zt` char(1) DEFAULT NULL,
  `cjsj` date DEFAULT NULL COMMENT '创建时间',
  `gxsj` date DEFAULT NULL COMMENT '更新时间',
  PRIMARY KEY (`departmentCode`)
) ENGINE=InnoDB DEFAULT CHARSET=utf8 COMMENT='用户部门表';

/*Data for the table `frm_department` */

/*Table structure for table `frm_menu` */

DROP TABLE IF EXISTS `frm_menu`;

CREATE TABLE `frm_menu` (
  `menuId` int(11) NOT NULL AUTO_INCREMENT COMMENT '菜单id',
  `parentId` int(11) NOT NULL COMMENT '上级菜单',
  `menuName` varchar(32) DEFAULT NULL COMMENT '菜单名称',
  `css` varchar(30) DEFAULT NULL COMMENT '图标样式',
  `url` varchar(100) DEFAULT NULL COMMENT '图标url',
  `type` char(1) DEFAULT NULL COMMENT '菜单类型 1：菜单 2：按钮',
  `permission` varchar(10) DEFAULT NULL COMMENT '按钮权限 a,d,u,s 分别代表增删改查',
  `sequence` int(11) NOT NULL COMMENT '排序',
  `zt` char(1) DEFAULT NULL COMMENT '菜单状态：0代表删除，1代表正常，2代表停用',
  `cjsj` datetime DEFAULT NULL COMMENT '创建时间',
  `gxsj` datetime DEFAULT NULL COMMENT '更新时间',
  PRIMARY KEY (`menuId`)
) ENGINE=InnoDB AUTO_INCREMENT=11 DEFAULT CHARSET=utf8 COMMENT='菜单表';

/*Data for the table `frm_menu` */

insert  into `frm_menu`(`menuId`,`parentId`,`menuName`,`css`,`url`,`type`,`permission`,`sequence`,`zt`,`cjsj`,`gxsj`) values (1,0,'系统管理','','/admin','1','a,d,u,s',1,'1','2019-11-06 08:00:00','2019-11-06 08:00:00'),(2,1,'用户管理','','/admin/user','1','a,d,u,s',2,'1','2019-11-06 08:00:00','2019-11-06 08:00:00'),(3,1,'行政区划管理','','/admin/dept','1','a,d,u,s',3,'1','2019-11-06 08:00:00','2019-11-06 08:00:00'),(4,1,'角色管理','','/admin/role','1','a,d,u,s',4,'1','2019-11-06 08:00:00','2019-11-06 08:00:00'),(5,1,'菜单管理','','/admin/sysMenu','1','a,d,u,s',6,'1','2019-11-06 08:00:00','2019-11-06 08:00:00'),(6,0,'移民管理','','/ym','1','a,d,u,s',11,'1','2019-11-06 08:00:00','2019-11-06 08:00:00'),(7,6,'移民信息采集','','/ym/add','1','a,d,u,s',12,'1','2019-11-06 08:00:00','2019-11-06 08:00:00'),(8,6,'移民信息管理','','/ym/mgr','1','a,d,u,s',13,'1','2019-11-06 08:00:00','2019-11-06 08:00:00'),(9,6,'影像化采集','','/ym/img','1','a,d,u,s',14,'1','2019-11-06 08:00:00','2019-11-06 08:00:00'),(10,6,'收入信息采集','','/ym/income','1','a,d,u,s',15,'1','2019-11-06 08:00:00','2019-11-06 08:00:00');

/*Table structure for table `frm_role` */

DROP TABLE IF EXISTS `frm_role`;

CREATE TABLE `frm_role` (
  `roleId` int(11) NOT NULL AUTO_INCREMENT COMMENT '角色id',
  `roleName` varchar(32) DEFAULT NULL COMMENT '角色名称',
  `description` varchar(60) DEFAULT NULL COMMENT '描述',
  `zt` char(1) DEFAULT NULL COMMENT '角色状态：0代表删除，1代表正常，2代表停用',
  `cjsj` datetime DEFAULT NULL COMMENT '创建时间',
  `gxsj` datetime DEFAULT NULL COMMENT '更新时间',
  PRIMARY KEY (`roleId`)
) ENGINE=InnoDB AUTO_INCREMENT=2 DEFAULT CHARSET=utf8 COMMENT='角色表';

/*Data for the table `frm_role` */

insert  into `frm_role`(`roleId`,`roleName`,`description`,`zt`,`cjsj`,`gxsj`) values (1,'系统管理员','系统管理员，拥有所有权限','1','2019-11-06 08:00:00','2019-11-06 08:00:00');

/*Table structure for table `frm_role_menu` */

DROP TABLE IF EXISTS `frm_role_menu`;

CREATE TABLE `frm_role_menu` (
  `roleId` int(11) NOT NULL,
  `menuId` int(11) NOT NULL,
  PRIMARY KEY (`roleId`,`menuId`)
) ENGINE=InnoDB DEFAULT CHARSET=utf8 COMMENT='角色-菜单-权限关联表';

/*Data for the table `frm_role_menu` */

insert  into `frm_role_menu`(`roleId`,`menuId`) values (1,1),(1,2),(1,3),(1,4),(1,5),(1,6),(1,7),(1,8),(1,9),(1,10);

/*Table structure for table `frm_sysuser` */

DROP TABLE IF EXISTS `frm_sysuser`;

CREATE TABLE `frm_sysuser` (
  `userId` int(11) NOT NULL AUTO_INCREMENT COMMENT '用户ID',
  `userName` varchar(32) NOT NULL COMMENT '系统用户名',
  `password` varchar(100) NOT NULL COMMENT '密码',
  `department` varchar(20) NOT NULL COMMENT '用户所在部门',
  `sex` char(1) DEFAULT NULL COMMENT '性别',
  `birthday` date DEFAULT NULL COMMENT '出生日期',
  `sfzmhm` varchar(20) DEFAULT NULL COMMENT '身份证明号码',
  `email` varchar(50) DEFAULT NULL COMMENT '邮箱',
  `ipks` varchar(20) DEFAULT NULL COMMENT '登陆地址段起始ip',
  `ipjs` varchar(20) DEFAULT NULL COMMENT '登陆地址段结束ip',
  `zhyxq` date DEFAULT NULL COMMENT '账号有效期',
  `mmyxq` date DEFAULT NULL COMMENT '密码有效期',
  `yhlx` char(1) DEFAULT NULL COMMENT '用户类型',
  `lxdh` varchar(30) DEFAULT NULL COMMENT '联系电话',
  `zjdlip` varchar(20) DEFAULT NULL COMMENT '最近登陆地址ip',
  `zt` char(1) DEFAULT NULL COMMENT '用户状态：0代表删除，1代表正常，2代表锁定（停用）',
  `cjsj` datetime DEFAULT NULL COMMENT '创建时间',
  `gxsj` datetime DEFAULT NULL COMMENT '更新时间',
  PRIMARY KEY (`userId`)
) ENGINE=InnoDB AUTO_INCREMENT=2 DEFAULT CHARSET=utf8 COMMENT='用户信息表';

/*Data for the table `frm_sysuser` */

insert  into `frm_sysuser`(`userId`,`userName`,`password`,`department`,`sex`,`birthday`,`sfzmhm`,`email`,`ipks`,`ipjs`,`zhyxq`,`mmyxq`,`yhlx`,`lxdh`,`zjdlip`,`zt`,`cjsj`,`gxsj`) values (1,'admin','$2a$10$b7FbBNdjQDgQNbBbn.bCLeEntO6WBm3Ail/zOSJvM7nCTSr/ZBosq','451229000000','1','1989-08-09','','','','','2020-01-01','2020-01-01','1','','','1','2019-11-06 08:00:00','2019-11-06 08:00:00');

/*Table structure for table `frm_sysuser_role` */

DROP TABLE IF EXISTS `frm_sysuser_role`;

CREATE TABLE `frm_sysuser_role` (
  `userId` int(11) NOT NULL,
  `roleId` int(11) NOT NULL,
  PRIMARY KEY (`userId`,`roleId`)
) ENGINE=InnoDB DEFAULT CHARSET=utf8 COMMENT='用户与角色关联表';

/*Data for the table `frm_sysuser_role` */

insert  into `frm_sysuser_role`(`userId`,`roleId`) values (1,1);

/*Table structure for table `persistent_logins` */

DROP TABLE IF EXISTS `persistent_logins`;

CREATE TABLE `persistent_logins` (
  `username` varchar(64) NOT NULL COMMENT '验证后的用户名',
  `series` varchar(64) NOT NULL COMMENT '主键信息',
  `token` varchar(64) NOT NULL COMMENT '用户token',
  `last_used` timestamp NOT NULL DEFAULT current_timestamp() ON UPDATE current_timestamp() COMMENT '最近使用时间',
  PRIMARY KEY (`series`)
) ENGINE=InnoDB DEFAULT CHARSET=utf8 COMMENT='验证用户token存放表';

/*Data for the table `persistent_logins` */

/*Table structure for table `ym_family` */

DROP TABLE IF EXISTS `ym_family`;

CREATE TABLE `ym_family` (
  `jtId` int(11) NOT NULL AUTO_INCREMENT COMMENT '家庭信息表id',
  `jtbh` varchar(20) DEFAULT NULL COMMENT '家庭编号',
  `szs` varchar(10) DEFAULT NULL COMMENT '所在市',
  `szx` varchar(20) DEFAULT NULL COMMENT '所在县',
  `szz` varchar(20) DEFAULT NULL COMMENT '所在镇',
  `szc` varchar(20) DEFAULT NULL COMMENT '所在村',
  `szjd` varchar(20) DEFAULT NULL COMMENT '所在街道',
  `lxdh` varchar(20) DEFAULT NULL COMMENT '联系电话',
  `khyh` varchar(32) DEFAULT NULL COMMENT '开户银行（选填）',
  `yhkh` varchar(20) DEFAULT NULL COMMENT '银行卡号（选填）',
  `pkhsx` varchar(30) DEFAULT NULL COMMENT '贫困户属性',
  `sfdnytp` char(2) DEFAULT NULL COMMENT '是否当年预脱贫',
  `jhtpnd` varchar(10) DEFAULT NULL COMMENT '计划脱贫年度',
  `fpnd` varchar(10) DEFAULT NULL COMMENT '返贫年度',
  `fpyy` varchar(64) DEFAULT NULL COMMENT '返贫原因',
  `sfjls` char(2) DEFAULT NULL COMMENT '是否军烈属',
  `sfydfpbqh` varchar(64) DEFAULT NULL COMMENT '是否异地扶贫搬迁户',
  `bqfs` varchar(64) DEFAULT NULL COMMENT '搬迁方式',
  `bqdz` varchar(80) DEFAULT NULL COMMENT '搬迁地址',
  PRIMARY KEY (`jtId`),
  UNIQUE KEY `jtbh` (`jtbh`)
) ENGINE=InnoDB AUTO_INCREMENT=2 DEFAULT CHARSET=utf8 COMMENT='移民贫困家庭信息表';

/*Data for the table `ym_family` */

insert  into `ym_family`(`jtId`,`jtbh`,`szs`,`szx`,`szz`,`szc`,`szjd`,`lxdh`,`khyh`,`yhkh`,`pkhsx`,`sfdnytp`,`jhtpnd`,`fpnd`,`fpyy`,`sfjls`,`sfydfpbqh`,`bqfs`,`bqdz`) values (1,'b4aa05cfd980','河池市','大化县','竹山村','雅龙乡','弄母屯','18200000000','中国农业银行','','','是','2020','2013','受灾','否','否','','');

/*Table structure for table `ym_family_base` */

DROP TABLE IF EXISTS `ym_family_base`;

CREATE TABLE `ym_family_base` (
  `id` int(10) unsigned NOT NULL AUTO_INCREMENT,
  `city` int(10) unsigned NOT NULL COMMENT '市',
  `county` int(10) unsigned NOT NULL COMMENT '县（市、区）',
  `town` int(10) unsigned NOT NULL COMMENT '镇（乡、街道）',
  `avillage` varchar(20) NOT NULL DEFAULT '' COMMENT '行政村',
  `nvillage` varchar(20) NOT NULL DEFAULT '' COMMENT '自然村（屯）',
  `tel` varchar(20) NOT NULL DEFAULT '' COMMENT '联系电话',
  `dpst_bk` int(10) unsigned NOT NULL COMMENT '开户银行',
  `bk_num` varchar(20) NOT NULL DEFAULT '' COMMENT '银行卡号',
  `family_attr` smallint(3) unsigned NOT NULL DEFAULT 0 COMMENT '贫困户属性',
  `poverty_relief_tm` smallint(4) unsigned NOT NULL DEFAULT 0 COMMENT '计划脱贫年度',
  `poverty_rtn_tm` smallint(4) unsigned NOT NULL DEFAULT 0 COMMENT '返贫年度',
  `poverty_rtn_rsn` varchar(20) NOT NULL DEFAULT '' COMMENT '返贫原因',
  `is_martyrsfamily` smallint(1) unsigned NOT NULL DEFAULT 0 COMMENT '是否军烈属（1是0否）',
  `is_relocated` smallint(1) unsigned NOT NULL DEFAULT 1 COMMENT '是否搬迁户（1是0否）',
  `relocated_way` varchar(20) NOT NULL DEFAULT '' COMMENT '搬迁方式',
  `relocated_addr` varchar(80) NOT NULL DEFAULT '' COMMENT '搬迁地址',
  `add_time` datetime DEFAULT NULL COMMENT '录入日期',
  `update_time` datetime DEFAULT NULL COMMENT '修改日期',
  `uid` int(10) unsigned NOT NULL DEFAULT 0 COMMENT '录入人ID',
  `poverty_causes1` tinyint(2) unsigned NOT NULL DEFAULT 0 COMMENT '致贫主因1',
  `poverty_causes2` tinyint(2) unsigned NOT NULL DEFAULT 0 COMMENT '致贫主因1',
  `poverty_causes3` tinyint(2) unsigned NOT NULL DEFAULT 0 COMMENT '致贫主因1',
  `household_num_Jan` tinyint(2) unsigned NOT NULL DEFAULT 0 COMMENT '年初家庭人口数',
  `household_num_Dec` tinyint(2) unsigned NOT NULL DEFAULT 0 COMMENT '年末家庭人口数',
  PRIMARY KEY (`id`)
) ENGINE=InnoDB AUTO_INCREMENT=253 DEFAULT CHARSET=utf8;

/*Data for the table `ym_family_base` */

insert  into `ym_family_base`(`id`,`city`,`county`,`town`,`avillage`,`nvillage`,`tel`,`dpst_bk`,`bk_num`,`family_attr`,`poverty_relief_tm`,`poverty_rtn_tm`,`poverty_rtn_rsn`,`is_martyrsfamily`,`is_relocated`,`relocated_way`,`relocated_addr`,`add_time`,`update_time`,`uid`,`poverty_causes1`,`poverty_causes2`,`poverty_causes3`,`household_num_Jan`,`household_num_Dec`) values (196,1,3,20,'测试行政村22','测试自然村屯11','13222221111',1231,'0889',1,2020,2018,'因学',1,1,'测试搬迁方式22','测试搬迁地址22','2019-11-17 17:02:19',NULL,0,0,0,0,0,0),(197,1,0,0,'测试行政村','测试自然村屯','13222221111',0,'',1,2020,2018,'因学',0,1,'测试搬迁方式','测试搬迁地址','2019-11-17 17:05:10',NULL,0,0,0,0,0,0),(198,1,0,0,'测试行政村','测试自然村屯','13222221111',0,'',1,2020,2018,'因学',0,1,'测试搬迁方式','测试搬迁地址','2019-11-17 17:06:28',NULL,0,0,0,0,0,0),(199,1,0,0,'测试行政村','测试自然村屯','13222221111',0,'',1,2020,2018,'因学',0,1,'测试搬迁方式','测试搬迁地址','2019-11-17 17:10:28',NULL,0,0,0,0,0,0),(200,1,0,0,'测试行政村','测试自然村屯','13222221111',0,'',1,2020,2018,'因学',0,1,'测试搬迁方式','测试搬迁地址','2019-11-17 17:12:07',NULL,0,0,0,0,0,0),(201,1,0,0,'测试行政村','测试自然村屯','13222221111',0,'',1,2020,2018,'因学',0,1,'测试搬迁方式','测试搬迁地址','2019-11-17 17:19:18',NULL,0,0,0,0,0,0),(202,1,0,0,'测试行政村','测试自然村屯','13222221111',0,'',1,2020,2018,'因学',0,1,'测试搬迁方式','测试搬迁地址','2019-11-17 17:21:32',NULL,0,0,0,0,0,0),(203,1,0,0,'测试行政村','测试自然村屯','13222221111',0,'',1,2020,2018,'因学',0,1,'测试搬迁方式','测试搬迁地址','2019-11-17 17:23:34',NULL,0,0,0,0,0,0),(204,1,0,0,'测试行政村','测试自然村屯','13222221111',0,'',1,2020,2018,'因学',0,1,'测试搬迁方式','测试搬迁地址','2019-11-17 17:27:34',NULL,0,0,0,0,0,0),(205,1,0,0,'测试行政村','测试自然村屯','13222221111',0,'',1,2020,2018,'因学',0,1,'测试搬迁方式','测试搬迁地址','2019-11-17 17:29:55',NULL,0,0,0,0,0,0),(206,1,0,0,'测试行政村','测试自然村屯','13222221111',0,'',1,2020,2018,'因学',0,1,'测试搬迁方式','测试搬迁地址','2019-11-17 17:31:39',NULL,0,0,0,0,0,0),(207,1,0,0,'测试行政村','测试自然村屯','13222221111',0,'',1,2020,2018,'因学',0,1,'测试搬迁方式','测试搬迁地址','2019-11-17 17:39:54',NULL,0,0,0,0,0,0),(208,1,0,0,'测试行政村','测试自然村屯','13222221111',0,'',1,2020,2018,'因学',0,1,'测试搬迁方式','测试搬迁地址','2019-11-17 17:50:30',NULL,0,0,0,0,0,0),(209,1,0,0,'测试行政村','测试自然村屯','13222221111',0,'',1,2020,2018,'因学',0,1,'测试搬迁方式','测试搬迁地址','2019-11-17 17:50:44',NULL,0,0,0,0,0,0),(210,1,0,0,'测试行政村','测试自然村屯','13222221111',0,'',1,2020,2018,'因学',0,1,'测试搬迁方式','测试搬迁地址','2019-11-17 17:54:50',NULL,0,0,0,0,0,0),(211,1,0,0,'测试行政村','测试自然村屯','13222221111',0,'',1,2020,2018,'因学',0,1,'测试搬迁方式','测试搬迁地址','2019-11-17 17:56:10',NULL,0,0,0,0,0,0),(212,1,0,0,'测试行政村','测试自然村屯','13222221111',0,'',1,2020,2018,'因学',0,1,'测试搬迁方式','测试搬迁地址','2019-11-17 18:00:28',NULL,0,0,0,0,0,0),(213,1,0,0,'测试行政村','测试自然村屯','13222221111',0,'',1,2020,2018,'因学',0,1,'测试搬迁方式','测试搬迁地址','2019-11-17 18:03:42',NULL,0,0,0,0,0,0),(214,1,3,19,'测试行政村','测试自然村屯','13222221111',0,'',1,2020,2018,'因学',0,1,'测试搬迁方式','测试搬迁地址','2019-11-17 18:05:53',NULL,0,0,0,0,0,0),(215,1,0,0,'测试行政村','测试自然村屯','13222221111',0,'',1,2020,2018,'因学',0,1,'测试搬迁方式','测试搬迁地址','2019-11-17 18:07:01',NULL,0,0,0,0,0,0),(216,1,0,0,'测试行政村','测试自然村屯','13222221111',0,'',1,2020,2018,'因学',0,1,'测试搬迁方式','测试搬迁地址','2019-11-17 18:07:40',NULL,0,0,0,0,0,0),(217,1,0,0,'测试行政村','测试自然村屯','13222221111',0,'',1,2020,2018,'因学',0,1,'测试搬迁方式','测试搬迁地址','2019-11-17 18:10:03',NULL,0,0,0,0,0,0),(218,1,0,0,'测试行政村','测试自然村屯','13222221111',0,'',1,2020,2018,'因学',0,1,'测试搬迁方式','测试搬迁地址','2019-11-17 18:11:10',NULL,0,0,0,0,0,0),(219,1,0,0,'测试行政村','测试自然村屯','13222221111',0,'',1,2020,2018,'因学',0,1,'测试搬迁方式','测试搬迁地址','2019-11-17 18:12:09',NULL,0,0,0,0,0,0),(220,1,0,0,'测试行政村','测试自然村屯','13222221111',0,'',1,2020,2018,'因学',0,1,'测试搬迁方式','测试搬迁地址','2019-11-17 18:13:32',NULL,0,0,0,0,0,0),(221,1,0,0,'测试行政村','测试自然村屯','13222221111',0,'',1,2020,2018,'因学',0,1,'测试搬迁方式','测试搬迁地址','2019-11-17 18:14:18',NULL,0,0,0,0,0,0),(222,1,0,0,'测试行政村','测试自然村屯','13222221111',0,'',1,2020,2018,'因学',0,1,'测试搬迁方式','测试搬迁地址','2019-11-17 18:14:55',NULL,0,0,0,0,0,0),(223,1,0,0,'测试行政村','测试自然村屯','13222221111',0,'',1,2020,2018,'因学',0,1,'测试搬迁方式','测试搬迁地址','2019-11-17 18:15:41',NULL,0,0,0,0,0,0),(224,1,0,0,'测试行政村','测试自然村屯','13222221111',0,'',1,2020,2018,'因学',0,1,'测试搬迁方式','测试搬迁地址','2019-11-17 18:16:28',NULL,0,0,0,0,0,0),(225,1,0,0,'测试行政村','测试自然村屯','13222221111',0,'',1,2020,2018,'因学',0,1,'测试搬迁方式','测试搬迁地址','2019-11-17 18:17:08',NULL,0,0,0,0,0,0),(226,1,0,0,'测试行政村','测试自然村屯','13222221111',0,'',1,2020,2018,'因学',0,1,'测试搬迁方式','测试搬迁地址','2019-11-17 18:19:00',NULL,0,0,0,0,0,0),(227,1,0,0,'测试行政村','测试自然村屯','13222221111',0,'',1,2020,2018,'因学',0,1,'测试搬迁方式','测试搬迁地址','2019-11-17 18:19:25',NULL,0,0,0,0,0,0),(228,1,0,0,'测试行政村','测试自然村屯','13222221111',0,'',1,2020,2018,'因学',0,1,'测试搬迁方式','测试搬迁地址','2019-11-17 18:20:40',NULL,0,0,0,0,0,0),(229,1,0,0,'测试行政村','测试自然村屯','13222221111',0,'',1,2020,2018,'因学',0,1,'测试搬迁方式','测试搬迁地址','2019-11-17 18:22:44',NULL,0,0,0,0,0,0),(230,1,0,0,'测试行政村','测试自然村屯','13222221111',0,'',1,2020,2018,'因学',0,1,'测试搬迁方式','测试搬迁地址','2019-11-17 18:23:59',NULL,0,0,0,0,0,0),(231,1,0,0,'测试行政村','测试自然村屯','13222221111',0,'',1,2020,2018,'因学',0,1,'测试搬迁方式','测试搬迁地址','2019-11-17 18:24:59',NULL,0,0,0,0,0,0),(232,1,0,0,'测试行政村','测试自然村屯','13222221111',0,'',1,2020,2018,'因学',0,1,'测试搬迁方式','测试搬迁地址','2019-11-17 18:27:01',NULL,0,0,0,0,0,0),(233,1,0,0,'测试行政村','测试自然村屯','13222221111',0,'',1,2020,2018,'因学',0,1,'测试搬迁方式','测试搬迁地址','2019-11-17 18:27:56',NULL,0,0,0,0,0,0),(236,1,0,0,'测试行政村','测试自然村屯','13222221111',0,'',1,2020,2018,'因学',0,1,'测试搬迁方式','测试搬迁地址','2019-11-17 18:34:15',NULL,0,0,0,0,0,0),(237,1,0,0,'测试行政村','测试自然村屯','13222221111',0,'',1,2020,2018,'因学',0,1,'测试搬迁方式','测试搬迁地址','2019-11-17 18:35:09',NULL,0,0,0,0,0,0),(240,1,0,0,'测试行政村','测试自然村屯','13222221111',0,'',1,2020,2018,'因学',0,1,'测试搬迁方式','测试搬迁地址','2019-11-17 20:32:55',NULL,0,0,0,0,0,0),(241,1,3,20,'测试行政村','测试自然村屯','13222221111',0,'',1,2020,2018,'因学',0,1,'测试搬迁方式','测试搬迁地址','2019-11-17 20:53:23',NULL,0,0,0,0,0,0),(249,1,0,0,'测试行政村','测试自然村屯','13222221111',0,'',1,2020,2018,'因学',0,1,'测试搬迁方式','测试搬迁地址','2019-11-18 21:05:49',NULL,0,0,0,0,0,0),(250,1,0,0,'测试行政村','测试自然村屯','13222221111',0,'',1,2020,2018,'因学',0,1,'测试搬迁方式','测试搬迁地址','2019-11-23 23:57:30',NULL,0,0,0,0,0,0),(251,1,0,0,'测试行政村','测试自然村屯','13222221111',0,'',1,2020,2018,'因学',0,1,'测试搬迁方式','测试搬迁地址','2019-11-24 00:06:57',NULL,0,0,0,0,0,0),(252,2,9,16,'测试行政村','测试自然村屯','13222221111',0,'',0,2020,2018,'因学',0,1,'测试搬迁方式','测试搬迁地址','2019-12-04 18:56:19',NULL,0,0,0,0,0,0);

/*Table structure for table `ym_family_base_addition` */

DROP TABLE IF EXISTS `ym_family_base_addition`;

CREATE TABLE `ym_family_base_addition` (
  `id` int(10) unsigned NOT NULL AUTO_INCREMENT,
  `fid` int(10) unsigned NOT NULL,
  `poverty_causes1` tinyint(2) unsigned NOT NULL DEFAULT 0,
  `poverty_causes2` tinyint(2) unsigned NOT NULL DEFAULT 0,
  `poverty_causes3` tinyint(2) unsigned NOT NULL DEFAULT 0,
  `household_num_Jan` tinyint(2) unsigned NOT NULL DEFAULT 0,
  `household_num_Dec` tinyint(2) unsigned NOT NULL DEFAULT 0,
  PRIMARY KEY (`id`)
) ENGINE=InnoDB AUTO_INCREMENT=27 DEFAULT CHARSET=utf8;

/*Data for the table `ym_family_base_addition` */

insert  into `ym_family_base_addition`(`id`,`fid`,`poverty_causes1`,`poverty_causes2`,`poverty_causes3`,`household_num_Jan`,`household_num_Dec`) values (19,207,3,2,5,1,1),(20,241,4,2,0,1,3);

/*Table structure for table `ym_family_base_condition` */

DROP TABLE IF EXISTS `ym_family_base_condition`;

CREATE TABLE `ym_family_base_condition` (
  `id` int(10) unsigned NOT NULL AUTO_INCREMENT,
  `fid` int(10) unsigned NOT NULL DEFAULT 0,
  `area_cultivated` decimal(6,2) unsigned NOT NULL DEFAULT 0.00 COMMENT '耕地面积（亩）',
  `area_woodland` decimal(6,2) unsigned NOT NULL DEFAULT 0.00 COMMENT '林地面积（亩）',
  `area_turninto` decimal(6,2) unsigned NOT NULL DEFAULT 0.00 COMMENT '退耕还林面积（亩）',
  `area_fruit` decimal(6,2) unsigned NOT NULL DEFAULT 0.00 COMMENT '林果面积（亩）',
  `area_foragegrass` decimal(6,2) unsigned NOT NULL DEFAULT 0.00 COMMENT '牧草地面积（亩)',
  `area_waters` decimal(6,2) unsigned NOT NULL DEFAULT 0.00 COMMENT '水面面积（亩）',
  `is_cooperative` tinyint(1) unsigned NOT NULL DEFAULT 0 COMMENT '是否加入农民专业合作社',
  `get_leaded` tinyint(1) unsigned NOT NULL DEFAULT 0 COMMENT '是否有龙头企业带动',
  `get_pioneer` tinyint(1) unsigned NOT NULL DEFAULT 0 COMMENT '是否有创业致富带头人带动',
  `get_electric` tinyint(1) unsigned NOT NULL DEFAULT 0 COMMENT '是否通生活用电',
  `get_television` tinyint(1) unsigned NOT NULL DEFAULT 0 COMMENT '是否通广播电视',
  `get_potablewater` tinyint(1) unsigned NOT NULL DEFAULT 0 COMMENT '是否解决安全饮用水',
  `get_toilet` tinyint(1) unsigned NOT NULL DEFAULT 0 COMMENT '是否有卫生厕所',
  `distance_mainroad` decimal(5,2) unsigned NOT NULL DEFAULT 0.00 COMMENT '与村主干路距离（公里）',
  `type_road` tinyint(2) unsigned NOT NULL DEFAULT 0 COMMENT '入户路类型',
  `area_housing` decimal(5,2) unsigned NOT NULL DEFAULT 0.00 COMMENT '住房面积（平方米）',
  `is_dilapidated` tinyint(1) unsigned NOT NULL DEFAULT 0 COMMENT '是否危房',
  `level_dilapidated` tinyint(2) unsigned DEFAULT 0 COMMENT '危房等级',
  `year_reform` smallint(6) unsigned DEFAULT 0 COMMENT '危改年度',
  `type_fuel` tinyint(2) unsigned NOT NULL DEFAULT 0 COMMENT '主要燃料类型',
  `type_fuel_other` varchar(20) NOT NULL DEFAULT '' COMMENT '具体燃料名称',
  PRIMARY KEY (`id`)
) ENGINE=InnoDB AUTO_INCREMENT=24 DEFAULT CHARSET=utf8 COMMENT='生产生活条件';

/*Data for the table `ym_family_base_condition` */

insert  into `ym_family_base_condition`(`id`,`fid`,`area_cultivated`,`area_woodland`,`area_turninto`,`area_fruit`,`area_foragegrass`,`area_waters`,`is_cooperative`,`get_leaded`,`get_pioneer`,`get_electric`,`get_television`,`get_potablewater`,`get_toilet`,`distance_mainroad`,`type_road`,`area_housing`,`is_dilapidated`,`level_dilapidated`,`year_reform`,`type_fuel`,`type_fuel_other`) values (22,207,'1.00','3.00','4.00','5.00','5.00','2.00',0,0,0,0,0,0,0,'1.00',0,'2.00',1,0,205,0,'');

/*Table structure for table `ym_family_base_member` */

DROP TABLE IF EXISTS `ym_family_base_member`;

CREATE TABLE `ym_family_base_member` (
  `id` int(10) NOT NULL AUTO_INCREMENT,
  `fid` int(10) unsigned NOT NULL COMMENT '家庭id',
  `member_name` varchar(20) NOT NULL DEFAULT '' COMMENT '姓名',
  `sex` tinyint(1) NOT NULL DEFAULT 1 COMMENT '性别1男0女',
  `id_num` varchar(25) NOT NULL DEFAULT '' COMMENT '证件号码',
  `relation` tinyint(3) unsigned NOT NULL DEFAULT 0 COMMENT '与户主关系',
  `nation` tinyint(3) unsigned NOT NULL DEFAULT 0 COMMENT '民族',
  `political_exp` tinyint(2) unsigned NOT NULL DEFAULT 0 COMMENT '政治面貌',
  `level_edu` tinyint(2) unsigned NOT NULL DEFAULT 0 COMMENT '文化程度',
  `school_status` tinyint(2) unsigned NOT NULL DEFAULT 0 COMMENT '在校生状况',
  `stopedu_rsn` tinyint(2) unsigned NOT NULL DEFAULT 0 COMMENT '失学原因',
  `healthy_status` tinyint(2) unsigned NOT NULL DEFAULT 0 COMMENT '健康状况',
  `labor_skill` tinyint(2) unsigned NOT NULL DEFAULT 0 COMMENT '劳动技能',
  `can_mandarin` tinyint(1) unsigned NOT NULL DEFAULT 0 COMMENT '是否会讲普通话',
  `medical_insurance` tinyint(1) unsigned NOT NULL DEFAULT 0 COMMENT '是否参加城镇居民基本医疗保险',
  `business_insurance` tinyint(1) unsigned NOT NULL DEFAULT 0 COMMENT '是否参加商业补充医疗保险',
  `basic_allowances` tinyint(1) unsigned NOT NULL DEFAULT 0 COMMENT '是否享受农村居民最低生活保障',
  `endowment_insurance` tinyint(1) unsigned NOT NULL DEFAULT 0 COMMENT '是否参加城乡居民基本养老保险',
  `accident_insurance` tinyint(1) unsigned NOT NULL DEFAULT 0 COMMENT '是否享受人身意外保险补贴',
  `tel` varchar(15) NOT NULL DEFAULT '' COMMENT '联系电话',
  PRIMARY KEY (`id`)
) ENGINE=InnoDB AUTO_INCREMENT=143 DEFAULT CHARSET=utf8;

/*Data for the table `ym_family_base_member` */

insert  into `ym_family_base_member`(`id`,`fid`,`member_name`,`sex`,`id_num`,`relation`,`nation`,`political_exp`,`level_edu`,`school_status`,`stopedu_rsn`,`healthy_status`,`labor_skill`,`can_mandarin`,`medical_insurance`,`business_insurance`,`basic_allowances`,`endowment_insurance`,`accident_insurance`,`tel`) values (81,196,'王圣基',1,'1231444444',1,2,1,1,1,1,1,1,1,1,1,1,1,1,'18878978898'),(82,197,'是法国',1,'123',1,1,1,1,1,1,1,1,1,1,1,1,1,1,'18878978898'),(83,198,'神功',1,'是',1,1,1,1,1,1,1,1,1,1,1,1,1,1,'18878978898'),(84,199,'离开家',1,'645',1,1,1,1,1,1,1,1,1,1,1,1,1,1,'18878978898'),(85,200,'高达四',1,'123',1,1,1,1,1,1,1,1,1,1,1,1,1,1,'18878978898'),(86,201,'收队',1,'1',1,1,1,1,1,1,1,1,1,1,1,1,1,1,'18878978898'),(87,202,'是',1,'1',1,1,1,1,1,1,1,1,1,1,1,1,1,1,'18878978898'),(88,203,'撒大噶',1,'111',1,1,1,1,1,1,1,1,1,1,1,1,1,1,'18878978898'),(89,204,'噶啥',1,'1',1,1,1,1,1,1,1,1,1,1,1,1,1,1,'18878978898'),(90,205,'g',1,'1',1,1,1,1,1,1,1,1,1,1,1,1,1,1,'18878978898'),(91,206,'给',1,'1',1,1,1,1,1,1,1,1,1,1,1,1,1,1,'18878978898'),(92,206,'但是干',1,'1',5,1,1,1,1,1,1,1,1,1,1,1,1,1,'18878978898'),(93,207,'待会',0,'11',1,1,1,1,1,1,1,1,1,1,1,1,1,1,'18878978898'),(94,207,'撒大噶',1,'122',3,1,1,1,1,1,1,1,1,1,1,1,1,1,'18878978898'),(95,208,'噶啥',1,'1',1,1,1,1,1,1,1,1,1,1,1,1,1,1,'18878978898'),(96,210,'撒大噶',1,'11',1,1,1,1,1,1,1,1,1,1,1,1,1,1,'18878978898'),(97,211,' 是',1,'1123',1,1,1,1,1,1,1,1,1,1,1,1,1,1,'18878978898'),(98,212,'sdsg Dgd ',1,'123123',1,1,1,1,1,1,1,1,1,1,1,1,1,1,'18878978898'),(99,213,'g',1,'1231',1,1,1,1,1,1,1,1,1,1,1,1,1,1,'18878978898'),(100,214,'尴尬',1,'123',1,1,1,1,1,1,1,1,1,1,1,1,1,1,'18878978898'),(101,215,'神功吊',1,'1122131',1,1,1,1,1,1,1,1,1,1,1,1,1,1,'18878978898'),(102,216,'扫地僧',1,'111',1,1,1,1,1,1,1,1,1,1,1,1,1,1,'18878978898'),(103,217,'dgs ',1,'',1,1,1,1,1,1,1,1,1,1,1,1,1,1,'18878978898'),(104,218,'sgsdg',1,'12312',1,1,1,1,1,1,1,1,1,1,1,1,1,1,'18878978898'),(105,219,'123123',1,'12312',1,1,1,1,1,1,1,1,1,1,1,1,1,1,'18878978898'),(106,220,'12312',1,'123',1,1,1,1,1,1,1,1,1,1,1,1,1,1,'18878978898'),(107,221,'sds',1,'123',1,1,1,1,1,1,1,1,1,1,1,1,1,1,'18878978898'),(108,222,'gsgsdg',1,'112123',1,1,1,1,1,1,1,1,1,1,1,1,1,1,'18878978898'),(109,223,'1sg1',1,'11',1,1,1,1,1,1,1,1,1,1,1,1,1,1,'18878978898'),(110,224,'123',1,'1',1,1,1,1,1,1,1,1,1,1,1,1,1,1,'18878978898'),(111,225,'123',1,'',1,1,1,1,1,1,1,1,1,1,1,1,1,1,'18878978898'),(112,226,'12312',1,'',1,1,1,1,1,1,1,1,1,1,1,1,1,1,'18878978898'),(113,227,'撒大噶',1,'11',1,1,1,1,1,1,1,1,1,1,1,1,1,1,'18878978898'),(114,228,'1231',1,'12311',1,1,1,1,1,1,1,1,1,1,1,1,1,1,'18878978898'),(115,229,'',1,'',1,1,1,1,1,1,1,1,1,1,1,1,1,1,'18878978898'),(116,230,'1231',1,'11',1,1,1,1,1,1,1,1,1,1,1,1,1,1,'18878978898'),(117,231,'123123',1,'',1,1,1,1,1,1,1,1,1,1,1,1,1,1,'18878978898'),(118,232,'12',1,'2112',1,1,1,1,1,1,1,1,1,1,1,1,1,1,'188789788981'),(119,233,'12',1,'',1,1,1,1,1,1,1,1,1,1,1,1,1,1,'18878978898'),(125,236,'1212211',1,'4444444444444444xx',1,1,1,1,1,1,1,1,1,1,1,1,1,1,'18878978898'),(126,237,'12312',1,'4444444444444444xx',1,1,1,1,1,1,1,1,1,1,1,1,1,1,'18878978898'),(127,237,'撒大噶',1,'444444444444144444',1,1,1,1,1,1,1,1,1,1,1,1,1,1,'18878978898'),(133,240,'王圣基',1,'450103195901251474',1,1,1,1,1,1,1,1,1,1,1,1,1,1,'18878978898'),(135,241,'gsfdsg岁的法国',1,'11',1,1,1,1,1,1,1,1,1,1,1,1,1,1,'18878978898'),(136,241,'gsfdsg岁的法国',1,'12312',4,1,1,1,1,1,1,1,1,1,1,1,1,1,'18878978898'),(139,249,'撒大噶',0,'',1,1,1,1,1,1,1,1,1,1,1,1,1,1,'18878978898'),(141,201,'',0,'',1,1,2,1,1,1,1,1,1,1,1,1,1,1,'18878978898'),(142,252,'撒大噶',1,'132131231',1,3,1,1,1,1,2,2,1,1,0,1,1,1,'18878978898');

/*Table structure for table `ym_family_status` */

DROP TABLE IF EXISTS `ym_family_status`;

CREATE TABLE `ym_family_status` (
  `jtzkbh` int(11) NOT NULL COMMENT '家庭状况编号',
  `jtbh` varchar(20) DEFAULT NULL COMMENT '家庭编号，对应家庭表',
  `zpyy1` varchar(64) DEFAULT NULL COMMENT '致贫原因1（必填）',
  `zpyy2` varchar(64) DEFAULT NULL COMMENT '致贫原因2（选填）',
  `zpyy3` varchar(64) DEFAULT NULL COMMENT '致贫原因3（选填）',
  `ncjtrks` int(11) DEFAULT NULL COMMENT '年初家庭人口数',
  `ndjtrks` int(11) DEFAULT NULL COMMENT '年底家庭人口数',
  `gdmj` float DEFAULT NULL COMMENT '耕地面积（亩）',
  `yxggmj` float DEFAULT NULL COMMENT '有效灌溉面积（亩）',
  `ldmj` float DEFAULT NULL COMMENT '林地面积（亩）',
  `tghlmj` float DEFAULT NULL COMMENT '退耕还林面积（亩）',
  `lgmj` float DEFAULT NULL COMMENT '林果面积（亩）',
  `smmj` float DEFAULT NULL COMMENT '水面面积（亩）',
  `mcdmj` float DEFAULT NULL COMMENT '牧草地面积（亩）',
  `sfyltqydd` char(2) DEFAULT NULL COMMENT '是否有龙头企业带动',
  `sfycyzfdtrdd` char(2) DEFAULT NULL COMMENT '是否有创业致富带头人带动',
  `sftscyd` char(2) DEFAULT NULL COMMENT '是否通生产用电',
  `sftshyd` char(2) DEFAULT NULL COMMENT '是否通生活用电',
  `sftgbds` char(2) DEFAULT NULL COMMENT '是否通广播电视',
  `yssfkn` char(2) DEFAULT NULL COMMENT '饮水是否困难',
  `yssfaq` char(2) DEFAULT NULL COMMENT '饮水是否安全',
  `zfmj` float DEFAULT NULL COMMENT '住房面积（平方米）',
  `ywwscs` char(2) DEFAULT NULL COMMENT '有无卫生厕所',
  `sfwfh` char(2) DEFAULT NULL COMMENT '是否危房户',
  `wfdj` varchar(10) DEFAULT NULL COMMENT '危房等级',
  `wgnd` varchar(10) DEFAULT NULL COMMENT '危改年度',
  `zfjg` varchar(32) DEFAULT NULL COMMENT '住房结构',
  `sfjrnmzyhzs` char(2) DEFAULT NULL COMMENT '是否加入农民专业合作社',
  `yczgljl` float DEFAULT NULL COMMENT '与村主干路距离（公里）',
  `rhllx` varchar(20) DEFAULT NULL COMMENT '入户路类型',
  `zyrllx` varchar(20) DEFAULT NULL COMMENT '主要燃料类型',
  `bgqksm` varchar(256) DEFAULT NULL COMMENT '变更情况说明',
  PRIMARY KEY (`jtzkbh`)
) ENGINE=InnoDB DEFAULT CHARSET=utf8 COMMENT='致贫原因及家庭基本条件表';

/*Data for the table `ym_family_status` */

/*Table structure for table `ym_income1` */

DROP TABLE IF EXISTS `ym_income1`;

CREATE TABLE `ym_income1` (
  `id` int(10) unsigned NOT NULL AUTO_INCREMENT,
  `fid` int(10) unsigned DEFAULT NULL COMMENT '家庭id',
  `type1` tinyint(2) unsigned NOT NULL COMMENT '类别1：1生产经营性收入2生产经营性支出',
  `type2` tinyint(2) DEFAULT NULL COMMENT '类别2：1种植业2林业3养殖业4其他',
  `nf` varchar(10) DEFAULT '' COMMENT '年份',
  `yf` varchar(10) DEFAULT '' COMMENT '月份',
  `pz` varchar(20) DEFAULT '' COMMENT '品种',
  `sl` varchar(20) DEFAULT '' COMMENT '数量',
  `je` varchar(20) DEFAULT '' COMMENT '金额',
  PRIMARY KEY (`id`)
) ENGINE=InnoDB AUTO_INCREMENT=2675 DEFAULT CHARSET=utf8 COMMENT='一、生产经营性收入\r\n二、生产经营性支出';

/*Data for the table `ym_income1` */

insert  into `ym_income1`(`id`,`fid`,`type1`,`type2`,`nf`,`yf`,`pz`,`sl`,`je`) values (1235,237,1,1,'2019','46','5.00','',''),(1236,237,1,2,'2018','12','33.00','',''),(1237,237,2,1,'2019','13','4.00','',''),(1238,237,2,2,'2019','79','66.00','',''),(1239,237,1,3,'2019','46','555.00','',''),(1240,237,1,4,'2018','12','345','',''),(1241,237,2,3,'2019','13','444.00','',''),(1242,237,1,4,'2018','10','123','',''),(1243,237,2,3,'2019','12','999.00','',''),(1244,237,1,4,'2018','11','234','',''),(1245,237,2,3,'2019','11','888.00','',''),(1246,237,2,4,'2019','79','678','',''),(1247,237,1,3,'2019','10','777.00','',''),(1248,237,1,3,'2019','11','888.00','',''),(1249,237,2,1,'2018','10','1.00','',''),(1250,237,2,1,'2018','11','2.00','',''),(1251,237,1,1,'2019','12','9.00','',''),(1252,237,1,1,'2019','13','4.00','',''),(1253,237,1,1,'2019','10','7.00','',''),(1254,237,1,2,'2019','13','44.00','',''),(1255,237,2,1,'2018','12','3.00','',''),(1256,237,1,1,'2019','11','8.00','',''),(1257,237,2,2,'2019','46','55.00','',''),(1258,237,1,3,'2019','79','666.00','',''),(1259,237,1,4,'2019','13','456','',''),(1260,237,2,3,'2018','12','333.00','',''),(1261,237,1,4,'2019','12','','',''),(1262,237,2,3,'2018','11','222.00','',''),(1263,237,1,4,'2019','11','890','',''),(1264,237,2,3,'2018','10','111.00','',''),(1265,237,2,4,'2019','46','567','',''),(1266,237,2,2,'2019','11','88.00','',''),(1267,237,2,2,'2019','10','77.00','',''),(1268,237,1,2,'2018','10','11.00','',''),(1269,237,1,2,'2018','11','22.00','',''),(1270,237,1,1,'2018','10','1.00','',''),(1271,237,1,1,'2018','12','3.00','',''),(1272,237,1,2,'2019','46','55.00','',''),(1273,237,2,1,'2019','79','6.00','',''),(1274,237,1,1,'2018','11','2.00','',''),(1275,237,1,3,'2018','11','222.00','',''),(1276,237,2,2,'2019','13','44.00','',''),(1277,237,1,3,'2018','12','333.00','',''),(1278,237,2,2,'2019','12','99.00','',''),(1279,237,1,4,'2019','46','567','',''),(1280,237,2,3,'2019','79','666.00','',''),(1281,237,2,4,'2019','10','789','',''),(1282,237,2,4,'2019','11','890','',''),(1283,237,2,4,'2019','12','我我','',''),(1284,237,2,4,'2019','13','456','',''),(1285,237,1,4,'2019','10','789','',''),(1286,237,2,2,'2018','10','11.00','',''),(1287,237,1,2,'2019','11','88.00','',''),(1288,237,1,2,'2019','12','99.00','',''),(1289,237,1,2,'2019','10','77.00','',''),(1290,237,1,1,'2019','79','6.00','',''),(1291,237,1,2,'2019','79','66.00','',''),(1292,237,2,1,'2019','46','5.00','',''),(1293,237,1,3,'2019','12','999.00','',''),(1294,237,2,2,'2018','11','22.00','',''),(1295,237,1,3,'2019','13','444.00','',''),(1296,237,2,2,'2018','12','33.00','',''),(1297,237,1,4,'2019','79','678','',''),(1298,237,2,3,'2019','46','555.00','',''),(1299,237,2,4,'2018','12','345','',''),(1300,237,2,4,'2018','11','234','',''),(1301,237,2,4,'2018','10','123','',''),(1302,237,2,3,'2019','10','777.00','',''),(1303,237,1,3,'2018','10','111.00','',''),(1304,237,2,1,'2019','11','8.00','',''),(1305,237,2,1,'2019','12','9.00','',''),(1306,237,2,1,'2019','10','7.00','',''),(2531,252,1,1,'2019','46','','',''),(2532,252,1,2,'2018','12','','',''),(2533,252,2,1,'2019','13','','',''),(2534,252,2,2,'2019','79','','',''),(2535,252,1,3,'2019','46','','',''),(2536,252,1,4,'2018','12','','',''),(2537,252,2,3,'2019','13','','',''),(2538,252,1,4,'2018','10','','',''),(2539,252,2,3,'2019','12','','',''),(2540,252,1,4,'2018','11','','',''),(2541,252,2,3,'2019','11','','',''),(2542,252,2,4,'2019','79','','',''),(2543,252,1,3,'2019','10','','',''),(2544,252,1,3,'2019','11','','',''),(2545,252,2,1,'2018','10','','','1'),(2546,252,2,1,'2018','11','','','2'),(2547,252,1,1,'2019','12','','',''),(2548,252,1,1,'2019','13','','',''),(2549,252,1,1,'2019','10','','',''),(2550,252,1,2,'2019','13','','',''),(2551,252,2,1,'2018','12','','','2'),(2552,252,1,1,'2019','11','','',''),(2553,252,2,2,'2019','46','','',''),(2554,252,1,3,'2019','79','','',''),(2555,252,1,4,'2019','13','','',''),(2556,252,2,3,'2018','12','','','1'),(2557,252,1,4,'2019','12','','',''),(2558,252,2,3,'2018','11','','','1'),(2559,252,1,4,'2019','11','','',''),(2560,252,2,3,'2018','10','','','44'),(2561,252,2,4,'2019','46','','',''),(2562,252,2,2,'2019','11','','',''),(2563,252,2,2,'2019','10','','',''),(2564,252,1,2,'2018','10','','','33.00'),(2565,252,1,2,'2018','11','','',''),(2566,252,1,1,'2018','10','','','1'),(2567,252,1,1,'2018','12','','',''),(2568,252,1,2,'2019','46','','',''),(2569,252,2,1,'2019','79','','',''),(2570,252,1,1,'2018','11','','',''),(2571,252,1,3,'2018','11','','',''),(2572,252,2,2,'2019','13','','',''),(2573,252,1,3,'2018','12','','',''),(2574,252,2,2,'2019','12','','',''),(2575,252,1,4,'2019','46','','',''),(2576,252,2,3,'2019','79','','',''),(2577,252,2,4,'2019','10','','',''),(2578,252,2,4,'2019','11','','',''),(2579,252,2,4,'2019','12','','',''),(2580,252,2,4,'2019','13','','',''),(2581,252,1,4,'2019','10','','',''),(2582,252,2,2,'2018','10','','','33'),(2583,252,1,2,'2019','11','','',''),(2584,252,1,2,'2019','12','','',''),(2585,252,1,2,'2019','10','','',''),(2586,252,1,1,'2019','79','','',''),(2587,252,1,2,'2019','79','','',''),(2588,252,2,1,'2019','46','','',''),(2589,252,1,3,'2019','12','','',''),(2590,252,2,2,'2018','11','','','1'),(2591,252,1,3,'2019','13','','',''),(2592,252,2,2,'2018','12','','','3'),(2593,252,1,4,'2019','79','','',''),(2594,252,2,3,'2019','46','','',''),(2595,252,2,4,'2018','12','','',''),(2596,252,2,4,'2018','11','','',''),(2597,252,2,4,'2018','10','','',''),(2598,252,2,3,'2019','10','','',''),(2599,252,1,3,'2018','10','','','44.55'),(2600,252,2,1,'2019','11','','',''),(2601,252,2,1,'2019','12','','',''),(2602,252,2,1,'2019','10','','',''),(2603,250,1,1,'2019','46','','',''),(2604,250,1,2,'2018','12','','',''),(2605,250,2,1,'2019','13','','',''),(2606,250,2,2,'2019','79','','',''),(2607,250,1,3,'2019','46','','',''),(2608,250,1,4,'2018','12','','',''),(2609,250,2,3,'2019','13','','',''),(2610,250,1,4,'2018','10','','',''),(2611,250,2,3,'2019','12','','',''),(2612,250,1,4,'2018','11','','',''),(2613,250,2,3,'2019','11','','',''),(2614,250,2,4,'2019','79','','',''),(2615,250,1,3,'2019','10','','',''),(2616,250,1,3,'2019','11','','',''),(2617,250,2,1,'2018','10','','',''),(2618,250,2,1,'2018','11','','',''),(2619,250,1,1,'2019','12','','',''),(2620,250,1,1,'2019','13','','',''),(2621,250,1,1,'2019','10','','',''),(2622,250,1,2,'2019','13','','',''),(2623,250,2,1,'2018','12','','',''),(2624,250,1,1,'2019','11','','',''),(2625,250,2,2,'2019','46','','',''),(2626,250,1,3,'2019','79','','',''),(2627,250,1,4,'2019','13','','',''),(2628,250,2,3,'2018','12','','',''),(2629,250,1,4,'2019','12','','',''),(2630,250,2,3,'2018','11','','',''),(2631,250,1,4,'2019','11','','',''),(2632,250,2,3,'2018','10','','',''),(2633,250,2,4,'2019','46','','',''),(2634,250,2,2,'2019','11','','',''),(2635,250,2,2,'2019','10','','',''),(2636,250,1,2,'2018','10','','',''),(2637,250,1,2,'2018','11','','',''),(2638,250,1,1,'2018','10','','',''),(2639,250,1,1,'2018','12','','',''),(2640,250,1,2,'2019','46','','',''),(2641,250,2,1,'2019','79','','',''),(2642,250,1,1,'2018','11','','',''),(2643,250,1,3,'2018','11','','',''),(2644,250,2,2,'2019','13','','',''),(2645,250,1,3,'2018','12','','',''),(2646,250,2,2,'2019','12','','',''),(2647,250,1,4,'2019','46','','',''),(2648,250,2,3,'2019','79','','',''),(2649,250,2,4,'2019','10','','',''),(2650,250,2,4,'2019','11','','',''),(2651,250,2,4,'2019','12','','',''),(2652,250,2,4,'2019','13','','',''),(2653,250,1,4,'2019','10','','',''),(2654,250,2,2,'2018','10','','',''),(2655,250,1,2,'2019','11','','',''),(2656,250,1,2,'2019','12','','',''),(2657,250,1,2,'2019','10','','',''),(2658,250,1,1,'2019','79','','',''),(2659,250,1,2,'2019','79','','',''),(2660,250,2,1,'2019','46','','',''),(2661,250,1,3,'2019','12','','',''),(2662,250,2,2,'2018','11','','',''),(2663,250,1,3,'2019','13','','',''),(2664,250,2,2,'2018','12','','',''),(2665,250,1,4,'2019','79','','',''),(2666,250,2,3,'2019','46','','',''),(2667,250,2,4,'2018','12','','',''),(2668,250,2,4,'2018','11','','',''),(2669,250,2,4,'2018','10','','',''),(2670,250,2,3,'2019','10','','',''),(2671,250,1,3,'2018','10','','',''),(2672,250,2,1,'2019','11','','',''),(2673,250,2,1,'2019','12','','',''),(2674,250,2,1,'2019','10','','','');

/*Table structure for table `ym_income10` */

DROP TABLE IF EXISTS `ym_income10`;

CREATE TABLE `ym_income10` (
  `id` int(10) unsigned NOT NULL AUTO_INCREMENT,
  `fid` int(10) unsigned DEFAULT NULL,
  `bz` text DEFAULT NULL COMMENT '备注',
  `jtdb` varchar(200) DEFAULT '' COMMENT '家庭代表，5个，半角逗号分隔',
  `bflxr` varchar(200) DEFAULT '' COMMENT '帮扶联系人，5个，半角逗号分隔',
  `sfxszc` tinyint(1) DEFAULT 1 COMMENT '是否获得应享受的扶贫政策1是0否',
  `sfmy` tinyint(1) DEFAULT 1 COMMENT '对帮扶工作是否满意1是0否',
  PRIMARY KEY (`id`)
) ENGINE=InnoDB DEFAULT CHARSET=utf8 COMMENT='十、备注';

/*Data for the table `ym_income10` */

/*Table structure for table `ym_income3` */

DROP TABLE IF EXISTS `ym_income3`;

CREATE TABLE `ym_income3` (
  `id` int(10) unsigned NOT NULL AUTO_INCREMENT,
  `fid` int(10) unsigned DEFAULT NULL COMMENT '家庭id',
  `type1` tinyint(2) DEFAULT NULL COMMENT '类别：1人员2工资性其他3资产收益扶贫分红收入4收入性其他',
  `type2` tinyint(5) DEFAULT NULL COMMENT '类别2：人员1-4',
  `xm` varchar(20) DEFAULT '' COMMENT '姓名',
  `wggz` varchar(20) DEFAULT '' COMMENT '务工工种',
  `wgdz` varchar(60) DEFAULT '' COMMENT '务工省、市、县、乡',
  `wgqymc` varchar(50) DEFAULT '' COMMENT '务工企业（单位）名称',
  `wgljsj` varchar(10) DEFAULT '' COMMENT '务工累计时间',
  `ny201810` varchar(10) DEFAULT '' COMMENT '2018月份10',
  `ny201811` varchar(10) DEFAULT '' COMMENT '2018月份11',
  `ny201812` varchar(10) DEFAULT '' COMMENT '2018月份12',
  `ny201913` varchar(10) DEFAULT '' COMMENT '2019月份13',
  `ny201946` varchar(10) DEFAULT '' COMMENT '2019月份46',
  `ny201979` varchar(10) DEFAULT '' COMMENT '2019月份79',
  `ny201910` varchar(10) DEFAULT '' COMMENT '2019月份10',
  `ny201911` varchar(10) DEFAULT '' COMMENT '2019月份11',
  `ny201912` varchar(10) DEFAULT '' COMMENT '2019月份12',
  PRIMARY KEY (`id`)
) ENGINE=InnoDB AUTO_INCREMENT=74 DEFAULT CHARSET=utf8 COMMENT='三、工资性收入';

/*Data for the table `ym_income3` */

insert  into `ym_income3`(`id`,`fid`,`type1`,`type2`,`xm`,`wggz`,`wgdz`,`wgqymc`,`wgljsj`,`ny201810`,`ny201811`,`ny201812`,`ny201913`,`ny201946`,`ny201979`,`ny201910`,`ny201911`,`ny201912`) values (50,252,1,1,'第一排','第一排','第一排','第一排','第一排','1','5','1','1','1','1','1','1','1'),(51,252,1,2,'第二排','第二排','第二排','第二排','第二排','2','6','2','2','2','2','2','2','2'),(52,252,1,3,'第三排','第三排','第三排','第三排','第三排','3','7','3','3','3','3','3','3','3'),(53,252,1,4,'第四排','第四排','第四排','第四排','第四排','4','8','4','4','4','4','4','4','4'),(54,252,4,NULL,NULL,NULL,NULL,NULL,NULL,'4','4','4','4','4','4','4','4','4'),(55,252,3,NULL,NULL,NULL,NULL,NULL,NULL,'3','3','3','3','3','3','3','3','3'),(56,252,2,NULL,NULL,NULL,NULL,NULL,NULL,'2','2','2','2','3','3','2','2','2'),(73,250,5,NULL,NULL,NULL,NULL,NULL,NULL,NULL,NULL,NULL,NULL,NULL,NULL,NULL,NULL,NULL);

/*Table structure for table `ym_income5` */

DROP TABLE IF EXISTS `ym_income5`;

CREATE TABLE `ym_income5` (
  `id` int(10) unsigned NOT NULL AUTO_INCREMENT,
  `fid` int(10) unsigned DEFAULT NULL COMMENT '家庭id',
  `type` int(10) DEFAULT NULL COMMENT '类别:1计划生育金；201低保金A，202，低保金B；203，低保金C；3,特困供养金；4，养老保险金；5，生态补偿金（林业补贴）；6，困难残疾人生活补贴和重度残疾人护理补贴；7，农业补贴；8，高龄补贴；9，水库移民补贴；10其他长期性的政策性补贴',
  `ny201810` varchar(10) DEFAULT '' COMMENT '2018月份10',
  `ny201811` varchar(10) DEFAULT '' COMMENT '2018月份11',
  `ny201812` varchar(10) DEFAULT '' COMMENT '2018月份12',
  `ny201913` varchar(10) DEFAULT '' COMMENT '2019月份13',
  `ny201946` varchar(10) DEFAULT '' COMMENT '2019月份46',
  `ny201979` varchar(10) DEFAULT '' COMMENT '2019月份79',
  `ny201910` varchar(10) DEFAULT '' COMMENT '2019月份10',
  `ny201911` varchar(10) DEFAULT '' COMMENT '2019月份11',
  `ny201912` varchar(10) DEFAULT '' COMMENT '2019月份12',
  PRIMARY KEY (`id`)
) ENGINE=InnoDB AUTO_INCREMENT=134 DEFAULT CHARSET=utf8 COMMENT='三、工资性收入';

/*Data for the table `ym_income5` */

insert  into `ym_income5`(`id`,`fid`,`type`,`ny201810`,`ny201811`,`ny201812`,`ny201913`,`ny201946`,`ny201979`,`ny201910`,`ny201911`,`ny201912`) values (110,251,10,'','','','','','','','',''),(111,251,1,'1','1','','','','','','',''),(112,251,3,'','5','','','','','','',''),(113,251,4,'','','','','','','','',''),(114,251,5,'','','','','','','','',''),(115,251,202,'3','','','','','','','',''),(116,251,6,'','','','','','','','',''),(117,251,203,'4','','','','','','','',''),(118,251,7,'','','','','','','','',''),(119,251,8,'','','','','','','','',''),(120,251,201,'2','6','','','','','','',''),(121,251,9,'','','','','','','','',''),(122,252,10,'','','','','','','','',''),(123,252,1,'1','','','','','','','',''),(124,252,3,'','','','','','','','',''),(125,252,4,'','','','','','','','',''),(126,252,5,'','','','','','','','',''),(127,252,202,'','','','','','','','',''),(128,252,6,'','','','','','','','',''),(129,252,203,'','','','','','','','',''),(130,252,7,'','','','','','','','',''),(131,252,8,'','','','','','','','',''),(132,252,201,'2','','','','','','','',''),(133,252,9,'','','','','','','','','');

/*Table structure for table `ym_income9` */

DROP TABLE IF EXISTS `ym_income9`;

CREATE TABLE `ym_income9` (
  `id` int(10) unsigned NOT NULL AUTO_INCREMENT,
  `fid` int(10) unsigned DEFAULT NULL COMMENT '家庭id',
  `type` int(10) DEFAULT NULL COMMENT '类别:1教育保障类；2医疗保障类；3,住房保障类；4，产业奖补类；5，金融类；6，社会保障类；7，保险赔付金；8，残疾人补贴；9，捐赠金、慰问金、短期性赡养金、抚养金；10短期性抚恤金；11其他短期性的政策性补助',
  `ny201810` varchar(10) DEFAULT '' COMMENT '2018月份10',
  `ny201811` varchar(10) DEFAULT '' COMMENT '2018月份11',
  `ny201812` varchar(10) DEFAULT '' COMMENT '2018月份12',
  `ny201913` varchar(10) DEFAULT '' COMMENT '2019月份13',
  `ny201946` varchar(10) DEFAULT '' COMMENT '2019月份46',
  `ny201979` varchar(10) DEFAULT '' COMMENT '2019月份79',
  `ny201910` varchar(10) DEFAULT '' COMMENT '2019月份10',
  `ny201911` varchar(10) DEFAULT '' COMMENT '2019月份11',
  `ny201912` varchar(10) DEFAULT '' COMMENT '2019月份12',
  PRIMARY KEY (`id`)
) ENGINE=InnoDB AUTO_INCREMENT=23 DEFAULT CHARSET=utf8 COMMENT='三、工资性收入';

/*Data for the table `ym_income9` */

insert  into `ym_income9`(`id`,`fid`,`type`,`ny201810`,`ny201811`,`ny201812`,`ny201913`,`ny201946`,`ny201979`,`ny201910`,`ny201911`,`ny201912`) values (1,251,9,'','','','','','','','',''),(2,251,11,'','','','','','','','',''),(3,251,10,'','','','','','','','',''),(4,251,1,'1','','','','','','','',''),(5,251,2,'1','','','','','','','',''),(6,251,3,'1','','','','','','','',''),(7,251,4,'1','','','','','','','',''),(8,251,5,'1','','','','','','','',''),(9,251,6,'1','','','','','','','',''),(10,251,7,'','','','','','','','',''),(11,251,8,'','','','','','','','',''),(12,252,9,'','','','','','','','',''),(13,252,11,'','','','','','','','',''),(14,252,10,'','','','','','','','',''),(15,252,1,'1','1','','','','','','',''),(16,252,2,'4','5','','','','','','',''),(17,252,3,'','','','','','','','',''),(18,252,4,'','','','','','','','',''),(19,252,5,'','','','','','','','',''),(20,252,6,'','','','','','','','',''),(21,252,7,'','','','','','','','',''),(22,252,8,'','','','','','','','','');

/*Table structure for table `ym_out_poverty_income` */

DROP TABLE IF EXISTS `ym_out_poverty_income`;

CREATE TABLE `ym_out_poverty_income` (
  `pov_bh` int(11) NOT NULL AUTO_INCREMENT,
  PRIMARY KEY (`pov_bh`)
) ENGINE=InnoDB DEFAULT CHARSET=utf8;

/*Data for the table `ym_out_poverty_income` */

/*Table structure for table `ym_person` */

DROP TABLE IF EXISTS `ym_person`;

CREATE TABLE `ym_person` (
  `rybh` int(11) NOT NULL AUTO_INCREMENT COMMENT '人员编号',
  `jtbh` varchar(20) DEFAULT NULL COMMENT '家庭编号，对应家庭表',
  `xm` varchar(30) NOT NULL COMMENT '姓名',
  `xb` char(2) DEFAULT NULL COMMENT '性别',
  `sfzmhm` varchar(20) DEFAULT NULL COMMENT '身份证明号码',
  `qfjg` varchar(64) DEFAULT NULL COMMENT '身份证签发机关',
  `sfzyxqs` date DEFAULT NULL COMMENT '身份证有效期始',
  `sfzyxqz` date DEFAULT NULL COMMENT '身份证有效期止',
  `yhzgx` varchar(20) DEFAULT NULL COMMENT '与户主关系',
  `mz` varchar(20) DEFAULT NULL COMMENT '民族',
  `csrq` date DEFAULT NULL COMMENT '出生日期',
  `zzmm` varchar(30) DEFAULT NULL COMMENT '政治面貌',
  `whcd` varchar(20) DEFAULT NULL COMMENT '文化程度',
  `zxsqk` varchar(30) DEFAULT NULL COMMENT '在校生情况',
  `sxhcxyy` varchar(64) DEFAULT NULL COMMENT '失学或辍学原因',
  `jkqk` varchar(20) DEFAULT NULL COMMENT '健康情况',
  `ldjn` varchar(20) DEFAULT NULL COMMENT '劳动技能情况',
  `sfhjpth` char(2) DEFAULT NULL COMMENT '是否会讲普通话',
  `sfxyjr` char(2) DEFAULT NULL COMMENT '是否现役军人',
  `sfcjylbx1` char(2) DEFAULT NULL COMMENT '是否参加城乡居民基本医疗保险',
  `sfcjsybx` char(2) DEFAULT NULL COMMENT '是否参加商业补充医疗保险',
  `sfxsdb` char(2) DEFAULT NULL COMMENT '是否享受低保',
  `sfcjylbx2` char(2) DEFAULT NULL COMMENT '是否参加城乡居民基本养老保险',
  `sfxsywbxbt` char(2) DEFAULT NULL COMMENT '是否享受人身意外保险补贴',
  `lxdh` varchar(20) DEFAULT NULL COMMENT '联系电话',
  PRIMARY KEY (`rybh`)
) ENGINE=InnoDB AUTO_INCREMENT=2 DEFAULT CHARSET=utf8 COMMENT='移民贫困人员信息表';

/*Data for the table `ym_person` */

insert  into `ym_person`(`rybh`,`jtbh`,`xm`,`xb`,`sfzmhm`,`qfjg`,`sfzyxqs`,`sfzyxqz`,`yhzgx`,`mz`,`csrq`,`zzmm`,`whcd`,`zxsqk`,`sxhcxyy`,`jkqk`,`ldjn`,`sfhjpth`,`sfxyjr`,`sfcjylbx1`,`sfcjsybx`,`sfxsdb`,`sfcjylbx2`,`sfxsywbxbt`,`lxdh`) values (1,'b4aa05cfd980','韦贞英','男','452731196205123035','大化瑶族自治县公安局','2008-12-22','2099-12-31','本人','汉','1962-05-12','团员','高中','无','无','健康','务农','否','否','否','否','否','否','否','18934943219');

/*Table structure for table `ym_produce_income` */

DROP TABLE IF EXISTS `ym_produce_income`;

CREATE TABLE `ym_produce_income` (
  `ryscsrbh` int(11) NOT NULL AUTO_INCREMENT COMMENT '人员生产收入编号',
  `jtbh` varchar(20) DEFAULT NULL COMMENT '家庭编号，对应家庭表',
  `xtdl` char(2) DEFAULT NULL COMMENT '类别大类：01为生产经营性收入,02为生产经营支出',
  `xtxl1` char(2) DEFAULT NULL COMMENT '类别小类：01为种植业，02为林业，03为养殖业，04为其他',
  `xtxl2` char(2) DEFAULT NULL COMMENT '类别小类：01为品种，02为数量，03为金额，04为其他',
  `nf` varchar(10) DEFAULT NULL COMMENT '年份',
  `yf13` varchar(40) DEFAULT NULL COMMENT '1-3月的收入或者其他信息',
  `yf46` varchar(40) DEFAULT NULL COMMENT '4-6月的收入或者其他信息',
  `yf79` varchar(40) DEFAULT NULL COMMENT '7-9月的收入或者其他信息',
  `yf10` varchar(40) DEFAULT NULL COMMENT '10月的收入或者其他信息',
  `yf11` varchar(40) DEFAULT NULL COMMENT '11月的收入或者其他信息',
  `yf12` varchar(40) DEFAULT NULL COMMENT '12月的收入或者其他信息',
  PRIMARY KEY (`ryscsrbh`)
) ENGINE=InnoDB DEFAULT CHARSET=utf8;

/*Data for the table `ym_produce_income` */

/*Table structure for table `ym_property_income` */

DROP TABLE IF EXISTS `ym_property_income`;

CREATE TABLE `ym_property_income` (
  `pro_bh` int(11) NOT NULL AUTO_INCREMENT COMMENT '财产性收入编号',
  `jtbh` varchar(20) DEFAULT NULL COMMENT '家庭编号，对应家庭表',
  `pro_xtlb` char(2) DEFAULT NULL COMMENT '财产收入类别：01，财产收益扶贫分红收入，02，其他',
  `pro_nf` varchar(10) DEFAULT NULL COMMENT '年份',
  `pro_yf13` varchar(40) DEFAULT NULL COMMENT '1-3月的收入或者其他信息',
  `pro_yf46` varchar(40) DEFAULT NULL COMMENT '4-6月的收入或者其他信息',
  `pro_yf79` varchar(40) DEFAULT NULL COMMENT '7-9月的收入或者其他信息',
  `pro_yf10` varchar(40) DEFAULT NULL COMMENT '10月的收入或者其他信息',
  `pro_yf11` varchar(40) DEFAULT NULL COMMENT '11月的收入或者其他信息',
  `pro_yf12` varchar(40) DEFAULT NULL COMMENT '12月的收入或者其他信息',
  PRIMARY KEY (`pro_bh`)
) ENGINE=InnoDB DEFAULT CHARSET=utf8;

/*Data for the table `ym_property_income` */

/*Table structure for table `ym_region` */

DROP TABLE IF EXISTS `ym_region`;

CREATE TABLE `ym_region` (
  `id` int(10) unsigned NOT NULL AUTO_INCREMENT,
  `pid` int(10) unsigned NOT NULL DEFAULT 0 COMMENT '上级ID',
  `name` varchar(40) NOT NULL DEFAULT '' COMMENT '行政区划名称',
  `code` varchar(10) NOT NULL DEFAULT '' COMMENT '行政区划代码',
  `enable` smallint(2) unsigned NOT NULL DEFAULT 1 COMMENT '是否启用',
  PRIMARY KEY (`id`)
) ENGINE=InnoDB AUTO_INCREMENT=21 DEFAULT CHARSET=utf8 COMMENT='行政区划表';

/*Data for the table `ym_region` */

insert  into `ym_region`(`id`,`pid`,`name`,`code`,`enable`) values (1,0,'南宁','',1),(2,0,'钦州','',1),(3,1,'青秀区','',1),(4,1,'兴宁区','',1),(5,1,'江南区','',1),(6,1,'横县','',1),(7,2,'钦南区','',1),(8,2,'钦北区','',1),(9,2,'灵山县','',1),(10,2,'浦北县','',1),(12,7,'街道A','',1),(13,8,'街道B','',1),(14,9,'灵城街道办','',1),(15,9,'平南镇','',1),(16,9,'那隆镇','',1),(17,10,'小江镇','',1),(18,10,'泉水镇','',1),(19,3,'建政街道','',1),(20,3,'源湖街道','',1);

/*Table structure for table `ym_relocate_petition` */

DROP TABLE IF EXISTS `ym_relocate_petition`;

CREATE TABLE `ym_relocate_petition` (
  `sqsbh` int(11) NOT NULL,
  `sqr` varchar(32) DEFAULT NULL,
  `sfzmhm` char(20) DEFAULT NULL,
  `xb` char(2) DEFAULT NULL,
  `nl` int(11) DEFAULT NULL,
  `szs` varchar(10) DEFAULT NULL COMMENT '所在市',
  `szx` varchar(20) DEFAULT NULL COMMENT '所在县',
  `szc` varchar(20) DEFAULT NULL COMMENT '所在镇',
  `szz` varchar(20) DEFAULT NULL COMMENT '所在村',
  `szjd` varchar(20) DEFAULT NULL COMMENT '所在街道',
  `jtrk` int(11) DEFAULT NULL,
  `ldlrs` int(11) DEFAULT NULL,
  `zdjbrs` int(11) DEFAULT NULL,
  `jzsbdf` float DEFAULT NULL,
  `sslb` char(1) DEFAULT NULL,
  `azd` varchar(20) DEFAULT NULL,
  `sqrqm` varchar(20) DEFAULT NULL,
  `lxdh` varchar(30) DEFAULT NULL,
  `txrq` date DEFAULT NULL,
  PRIMARY KEY (`sqsbh`)
) ENGINE=InnoDB DEFAULT CHARSET=utf8;

/*Data for the table `ym_relocate_petition` */

/*Table structure for table `ym_salary_income` */

DROP TABLE IF EXISTS `ym_salary_income`;

CREATE TABLE `ym_salary_income` (
  `rygzsrbh` int(11) NOT NULL AUTO_INCREMENT COMMENT '人员工资收入编号',
  `jtbh` varchar(20) DEFAULT NULL COMMENT '家庭编号，对应家庭表',
  `xm` varchar(20) DEFAULT NULL COMMENT '姓名',
  `wggz` varchar(20) DEFAULT NULL COMMENT '务工工种',
  `wgdz` varchar(60) DEFAULT NULL COMMENT '务工省、市、县',
  `wgljsj` varchar(10) DEFAULT NULL COMMENT '务工累计时间（月）',
  `wgqymc` varchar(60) DEFAULT NULL COMMENT '务工企业名称',
  `sa_nf` varchar(10) DEFAULT NULL COMMENT '年份',
  `sa_yf13` varchar(40) DEFAULT NULL COMMENT '1-3月的收入或者其他信息',
  `sa_yf46` varchar(40) DEFAULT NULL COMMENT '4-6月的收入或者其他信息',
  `sa_yf79` varchar(40) DEFAULT NULL COMMENT '7-9月的收入或者其他信息',
  `sa_yf10` varchar(40) DEFAULT NULL COMMENT '10月的收入或者其他信息',
  `sa_yf11` varchar(40) DEFAULT NULL COMMENT '11月的收入或者其他信息',
  `sa_yf12` varchar(40) DEFAULT NULL COMMENT '12月的收入或者其他信息',
  PRIMARY KEY (`rygzsrbh`)
) ENGINE=InnoDB DEFAULT CHARSET=utf8;

/*Data for the table `ym_salary_income` */

/*Table structure for table `ym_transfer_income` */

DROP TABLE IF EXISTS `ym_transfer_income`;

CREATE TABLE `ym_transfer_income` (
  `tra_bh` int(11) NOT NULL AUTO_INCREMENT COMMENT '转移性收入编号',
  `jtbh` varchar(20) DEFAULT NULL COMMENT '家庭编号，对应家庭表',
  `tra_xtlb` char(4) DEFAULT NULL COMMENT '转移性财产类别:01，计划生育金；0201，低保金A；0202，低保金B；0203，低保金C；03,特困供养金；04，养老保险金；05，生态补偿金（林业补贴）；06，困难残疾人生活补贴和重度残疾人护理补贴；07，农业补贴；08，高龄补贴；09，水库移民补贴；10，其他长期性的政策性补贴',
  `tra_nf` varchar(10) DEFAULT NULL COMMENT '年份',
  `tra_yf13` varchar(40) DEFAULT NULL COMMENT '1-3月的收入或者其他信息',
  `tra_yf46` varchar(40) DEFAULT NULL COMMENT '4-6月的收入或者其他信息',
  `tra_yf79` varchar(40) DEFAULT NULL COMMENT '7-9月的收入或者其他信息',
  `tra_yf10` varchar(40) DEFAULT NULL COMMENT '10月的收入或者其他信息',
  `tra_yf11` varchar(40) DEFAULT NULL COMMENT '11月的收入或者其他信息',
  `tra_yf12` varchar(40) DEFAULT NULL COMMENT '12月的收入或者其他信息',
  PRIMARY KEY (`tra_bh`)
) ENGINE=InnoDB DEFAULT CHARSET=utf8;

/*Data for the table `ym_transfer_income` */

/*!40101 SET SQL_MODE=@OLD_SQL_MODE */;
/*!40014 SET FOREIGN_KEY_CHECKS=@OLD_FOREIGN_KEY_CHECKS */;
/*!40014 SET UNIQUE_CHECKS=@OLD_UNIQUE_CHECKS */;
/*!40111 SET SQL_NOTES=@OLD_SQL_NOTES */;
